#Name,Accession,Start,Stop,Strand,GeneID,Locus,Locus tag,Protein product,Length,Protein Name
"chromosome Y","NC_000024.10",284188,299335,"+",55344,"PLCXD1","-","XP_024308259.1",323,"PI-PLC X domain-containing protein 1 isoform X1"
"chromosome Y","NC_000024.10",284188,299335,"+",55344,"PLCXD1","-","NP_001357300.1",323,"PI-PLC X domain-containing protein 1 isoform 1"
"chromosome Y","NC_000024.10",284188,299335,"+",55344,"PLCXD1","-","NP_001357299.1",323,"PI-PLC X domain-containing protein 1 isoform 1"
"chromosome Y","NC_000024.10",284188,299335,"+",55344,"PLCXD1","-","NP_001357302.1",323,"PI-PLC X domain-containing protein 1 isoform 1"
"chromosome Y","NC_000024.10",284188,299335,"+",55344,"PLCXD1","-","XP_011543935.1",323,"PI-PLC X domain-containing protein 1 isoform X1"
"chromosome Y","NC_000024.10",284188,299335,"+",55344,"PLCXD1","-","NP_060860.1",323,"PI-PLC X domain-containing protein 1 isoform 1"
"chromosome Y","NC_000024.10",284188,299335,"+",55344,"PLCXD1","-","NP_001357301.1",271,"PI-PLC X domain-containing protein 1 isoform 2"
"chromosome Y","NC_000024.10",305074,318787,"-",8225,"GTPBP6","-","NP_036359.3",516,"putative GTP-binding protein 6"
"chromosome Y","NC_000024.10",305074,316983,"-",8225,"GTPBP6","-","XP_006724931.1",377,"putative GTP-binding protein 6 isoform X1"
"chromosome Y","NC_000024.10",305074,315246,"-",8225,"GTPBP6","-","XP_011543939.1",336,"putative GTP-binding protein 6 isoform X2"
"chromosome Y","NC_000024.10",334367,386691,"-",28227,"PPP2R3B","-","NP_037371.2",575,"serine/threonine-protein phosphatase 2A regulatory subunit B\\'\\' subunit beta"
"chromosome Y","NC_000024.10",335878,386691,"-",28227,"PPP2R3B","-","XP_011543932.1",565,"serine/threonine-protein phosphatase 2A regulatory subunit B\\'\\' subunit beta isoform X1"
"chromosome Y","NC_000024.10",630898,658829,"+",6473,"SHOX","-","NP_006874.1",225,"short stature homeobox protein isoform SHOXb"
"chromosome Y","NC_000024.10",630898,644636,"+",6473,"SHOX","-","NP_000442.1",292,"short stature homeobox protein isoform SHOXa"
"chromosome Y","NC_000024.10",1190897,1212634,"-",64109,"CRLF2","-","XP_011543936.1",370,"cytokine receptor-like factor 2 isoform X1"
"chromosome Y","NC_000024.10",1190897,1212634,"-",64109,"CRLF2","-","NP_071431.2",371,"cytokine receptor-like factor 2 isoform 1 precursor"
"chromosome Y","NC_000024.10",1190897,1206445,"-",64109,"CRLF2","-","NP_001012288.2",259,"cytokine receptor-like factor 2 isoform 2"
"chromosome Y","NC_000024.10",1193240,1212634,"-",64109,"CRLF2","-","XP_011543937.1",251,"cytokine receptor-like factor 2 isoform X2"
"chromosome Y","NC_000024.10",1282704,1325063,"+",1438,"CSF2RA","-","XP_011543923.1",386,"granulocyte-macrophage colony-stimulating factor receptor subunit alpha isoform X4"
"chromosome Y","NC_000024.10",1282704,1323217,"+",1438,"CSF2RA","-","XP_011543924.1",385,"granulocyte-macrophage colony-stimulating factor receptor subunit alpha isoform X5"
"chromosome Y","NC_000024.10",1282704,1322513,"+",1438,"CSF2RA","-","XP_011543922.1",389,"granulocyte-macrophage colony-stimulating factor receptor subunit alpha isoform X3"
"chromosome Y","NC_000024.10",1282704,1322491,"+",1438,"CSF2RA","-","XP_016885517.1",383,"granulocyte-macrophage colony-stimulating factor receptor subunit alpha isoform X6"
"chromosome Y","NC_000024.10",1282704,1322491,"+",1438,"CSF2RA","-","XP_011543925.1",383,"granulocyte-macrophage colony-stimulating factor receptor subunit alpha isoform X6"
"chromosome Y","NC_000024.10",1282704,1309589,"+",1438,"CSF2RA","-","NP_758449.1",377,"granulocyte-macrophage colony-stimulating factor receptor subunit alpha isoform b precursor"
"chromosome Y","NC_000024.10",1282704,1309479,"+",1438,"CSF2RA","-","NP_001155002.1",434,"granulocyte-macrophage colony-stimulating factor receptor subunit alpha isoform f precursor"
"chromosome Y","NC_000024.10",1282704,1309479,"+",1438,"CSF2RA","-","NP_006131.2",400,"granulocyte-macrophage colony-stimulating factor receptor subunit alpha isoform a precursor"
"chromosome Y","NC_000024.10",1282704,1309479,"+",1438,"CSF2RA","-","NP_001155001.1",400,"granulocyte-macrophage colony-stimulating factor receptor subunit alpha isoform a precursor"
"chromosome Y","NC_000024.10",1282704,1309479,"+",1438,"CSF2RA","-","NP_758448.1",400,"granulocyte-macrophage colony-stimulating factor receptor subunit alpha isoform a precursor"
"chromosome Y","NC_000024.10",1282704,1309479,"+",1438,"CSF2RA","-","XP_011543921.1",400,"granulocyte-macrophage colony-stimulating factor receptor subunit alpha isoform X2"
"chromosome Y","NC_000024.10",1282704,1305735,"+",1438,"CSF2RA","-","NP_001155003.1",410,"granulocyte-macrophage colony-stimulating factor receptor subunit alpha isoform g precursor"
"chromosome Y","NC_000024.10",1282704,1305735,"+",1438,"CSF2RA","-","XP_011543920.1",410,"granulocyte-macrophage colony-stimulating factor receptor subunit alpha isoform X1"
"chromosome Y","NC_000024.10",1282704,1305501,"+",1438,"CSF2RA","-","XP_016885518.1",333,"granulocyte-macrophage colony-stimulating factor receptor subunit alpha isoform X7"
"chromosome Y","NC_000024.10",1282704,1305501,"+",1438,"CSF2RA","-","NP_758450.1",333,"granulocyte-macrophage colony-stimulating factor receptor subunit alpha isoform c precursor"
"chromosome Y","NC_000024.10",1282704,1305501,"+",1438,"CSF2RA","-","XP_011543928.1",333,"granulocyte-macrophage colony-stimulating factor receptor subunit alpha isoform X7"
"chromosome Y","NC_000024.10",1282704,1305501,"+",1438,"CSF2RA","-","XP_011543929.1",333,"granulocyte-macrophage colony-stimulating factor receptor subunit alpha isoform X7"
"chromosome Y","NC_000024.10",1282704,1305501,"+",1438,"CSF2RA","-","XP_011543930.1",333,"granulocyte-macrophage colony-stimulating factor receptor subunit alpha isoform X7"
"chromosome Y","NC_000024.10",1282704,1305501,"+",1438,"CSF2RA","-","NP_758452.1",233,"granulocyte-macrophage colony-stimulating factor receptor subunit alpha isoform e precursor"
"chromosome Y","NC_000024.10",1288815,1309479,"+",1438,"CSF2RA","-","NP_001155004.1",267,"granulocyte-macrophage colony-stimulating factor receptor subunit alpha isoform h"
"chromosome Y","NC_000024.10",1341766,1382465,"+",3563,"IL3RA","-","NP_002174.1",378,"interleukin-3 receptor subunit alpha isoform 1 precursor"
"chromosome Y","NC_000024.10",1341766,1382465,"+",3563,"IL3RA","-","XP_005274837.1",378,"interleukin-3 receptor subunit alpha isoform X1"
"chromosome Y","NC_000024.10",1341766,1382465,"+",3563,"IL3RA","-","XP_016885532.1",377,"interleukin-3 receptor subunit alpha isoform X2"
"chromosome Y","NC_000024.10",1341766,1382465,"+",3563,"IL3RA","-","XP_005274838.1",377,"interleukin-3 receptor subunit alpha isoform X2"
"chromosome Y","NC_000024.10",1341766,1382465,"+",3563,"IL3RA","-","NP_001254642.1",300,"interleukin-3 receptor subunit alpha isoform 2 precursor"
"chromosome Y","NC_000024.10",1386602,1392009,"-",293,"SLC25A6","-","NP_001627.2",298,"ADP/ATP translocase 3"
"chromosome Y","NC_000024.10",1392367,1396392,"+",105373102,"LOC105373102","-","XP_016885579.1",278,"uncharacterized protein LOC105373102"
"chromosome Y","NC_000024.10",1403269,1452840,"-",8623,"ASMTL","-","NP_001166945.1",605,"probable bifunctional dTTP/UTP pyrophosphatase/methyltransferase protein isoform 3"
"chromosome Y","NC_000024.10",1403269,1452840,"-",8623,"ASMTL","-","NP_004183.2",621,"probable bifunctional dTTP/UTP pyrophosphatase/methyltransferase protein isoform 1"
"chromosome Y","NC_000024.10",1403269,1452840,"-",8623,"ASMTL","-","XP_005274840.1",621,"probable bifunctional dTTP/UTP pyrophosphatase/methyltransferase protein isoform X1"
"chromosome Y","NC_000024.10",1403269,1442236,"-",8623,"ASMTL","-","NP_001166944.1",563,"probable bifunctional dTTP/UTP pyrophosphatase/methyltransferase protein isoform 2"
"chromosome Y","NC_000024.10",1403269,1436079,"-",8623,"ASMTL","-","XP_011543940.1",538,"probable bifunctional dTTP/UTP pyrophosphatase/methyltransferase protein isoform X2"
"chromosome Y","NC_000024.10",1403269,1435704,"-",8623,"ASMTL","-","XP_016885573.1",512,"probable bifunctional dTTP/UTP pyrophosphatase/methyltransferase protein isoform X3"
"chromosome Y","NC_000024.10",1465479,1537294,"-",286530,"P2RY8","-","XP_006724927.2",548,"P2Y purinoceptor 8 isoform X1"
"chromosome Y","NC_000024.10",1465479,1466558,"-",286530,"P2RY8","-","NP_835230.1",359,"P2Y purinoceptor 8"
"chromosome Y","NC_000024.10",1465479,1466558,"-",286530,"P2RY8","-","XP_005274835.1",359,"P2Y purinoceptor 8 isoform X2"
"chromosome Y","NC_000024.10",1465479,1466558,"-",286530,"P2RY8","-","XP_011543933.1",359,"P2Y purinoceptor 8 isoform X2"
"chromosome Y","NC_000024.10",1465479,1466558,"-",286530,"P2RY8","-","XP_011543934.1",359,"P2Y purinoceptor 8 isoform X2"
"chromosome Y","NC_000024.10",1593463,1601594,"+",8227,"AKAP17A","-","NP_005079.2",695,"A-kinase anchor protein 17A isoform 1"
"chromosome Y","NC_000024.10",1615200,1643014,"+",438,"ASMT","-","NP_004034.2",373,"acetylserotonin O-methyltransferase isoform 1"
"chromosome Y","NC_000024.10",1615200,1643014,"+",438,"ASMT","-","NP_001164509.1",373,"acetylserotonin O-methyltransferase isoform 1"
"chromosome Y","NC_000024.10",1615200,1643014,"+",438,"ASMT","-","NP_001164510.1",298,"acetylserotonin O-methyltransferase isoform 2"
"chromosome Y","NC_000024.10",2221041,2500925,"-",207063,"DHRSX","-","NP_660160.2",330,"dehydrogenase/reductase SDR family member on chromosome X"
"chromosome Y","NC_000024.10",2488635,2490719,"-",9189,"ZBED1","-","NP_001164606.1",694,"zinc finger BED domain-containing protein 1"
"chromosome Y","NC_000024.10",2488635,2490719,"-",9189,"ZBED1","-","NP_001164607.1",694,"zinc finger BED domain-containing protein 1"
"chromosome Y","NC_000024.10",2488635,2490719,"-",9189,"ZBED1","-","NP_004720.1",694,"zinc finger BED domain-containing protein 1"
"chromosome Y","NC_000024.10",2691361,2740804,"+",4267,"CD99","-","NP_002405.1",185,"CD99 antigen isoform a precursor"
"chromosome Y","NC_000024.10",2691361,2740804,"+",4267,"CD99","-","NP_001308297.1",184,"CD99 antigen isoform d precursor"
"chromosome Y","NC_000024.10",2691361,2740804,"+",4267,"CD99","-","NP_001308299.1",168,"CD99 antigen isoform f precursor"
"chromosome Y","NC_000024.10",2691361,2740804,"+",4267,"CD99","-","NP_001116370.1",169,"CD99 antigen isoform b precursor"
"chromosome Y","NC_000024.10",2691361,2740804,"+",4267,"CD99","-","NP_001308298.1",168,"CD99 antigen isoform e precursor"
"chromosome Y","NC_000024.10",2691361,2733364,"+",4267,"CD99","-","NP_001308296.1",160,"CD99 antigen isoform c precursor"
"chromosome Y","NC_000024.10",2786989,2787603,"-",6736,"SRY","-","NP_003131.1",204,"sex-determining region Y protein"
"chromosome Y","NC_000024.10",2841625,2866894,"+",6192,"RPS4Y1","-","NP_000999.1",263,"40S ribosomal protein S4, Y isoform 1"
"chromosome Y","NC_000024.10",2953937,2979993,"+",7544,"ZFY","-","XP_016885564.1",801,"zinc finger Y-chromosomal protein isoform X1"
"chromosome Y","NC_000024.10",2953937,2979993,"+",7544,"ZFY","-","NP_001356631.1",801,"zinc finger Y-chromosomal protein isoform 1"
"chromosome Y","NC_000024.10",2953937,2979993,"+",7544,"ZFY","-","NP_003402.2",801,"zinc finger Y-chromosomal protein isoform 1"
"chromosome Y","NC_000024.10",2953937,2979993,"+",7544,"ZFY","-","NP_001356635.1",750,"zinc finger Y-chromosomal protein isoform 5"
"chromosome Y","NC_000024.10",2953937,2979993,"+",7544,"ZFY","-","NP_001356636.1",750,"zinc finger Y-chromosomal protein isoform 5"
"chromosome Y","NC_000024.10",2953937,2979993,"+",7544,"ZFY","-","NP_001138748.1",610,"zinc finger Y-chromosomal protein isoform 3"
"chromosome Y","NC_000024.10",2953937,2979993,"+",7544,"ZFY","-","NP_001356638.1",559,"zinc finger Y-chromosomal protein isoform 6"
"chromosome Y","NC_000024.10",2961091,2979993,"+",7544,"ZFY","-","NP_001356634.1",775,"zinc finger Y-chromosomal protein isoform 4"
"chromosome Y","NC_000024.10",2961091,2979993,"+",7544,"ZFY","-","NP_001356632.1",775,"zinc finger Y-chromosomal protein isoform 4"
"chromosome Y","NC_000024.10",2961091,2979993,"+",7544,"ZFY","-","NP_001356633.1",775,"zinc finger Y-chromosomal protein isoform 4"
"chromosome Y","NC_000024.10",2961091,2979993,"+",7544,"ZFY","-","NP_001356637.1",724,"zinc finger Y-chromosomal protein isoform 2"
"chromosome Y","NC_000024.10",2961091,2979993,"+",7544,"ZFY","-","NP_001138747.1",724,"zinc finger Y-chromosomal protein isoform 2"
"chromosome Y","NC_000024.10",2975160,2979993,"+",7544,"ZFY","-","NP_001356639.1",517,"zinc finger Y-chromosomal protein isoform 7"
"chromosome Y","NC_000024.10",3579245,3579802,"+",90655,"TGIF2LY","-","NP_631960.1",185,"homeobox protein TGIF2LY"
"chromosome Y","NC_000024.10",5032697,5737942,"+",83259,"PCDH11Y","-","XP_016885568.1",1329,"protocadherin-11 Y-linked isoform X1"
"chromosome Y","NC_000024.10",5032697,5737942,"+",83259,"PCDH11Y","-","XP_016885569.1",1329,"protocadherin-11 Y-linked isoform X1"
"chromosome Y","NC_000024.10",5032697,5737942,"+",83259,"PCDH11Y","-","XP_016885570.1",1329,"protocadherin-11 Y-linked isoform X1"
"chromosome Y","NC_000024.10",5032697,5104361,"+",83259,"PCDH11Y","-","XP_016885571.1",1037,"protocadherin-11 Y-linked isoform X2"
"chromosome Y","NC_000024.10",5032697,5104361,"+",83259,"PCDH11Y","-","NP_116753.1",1037,"protocadherin-11 Y-linked isoform a"
"chromosome Y","NC_000024.10",5032697,5104361,"+",83259,"PCDH11Y","-","NP_001265548.1",1037,"protocadherin-11 Y-linked isoform a"
"chromosome Y","NC_000024.10",5056824,5737942,"+",83259,"PCDH11Y","-","NP_116755.1",1340,"protocadherin-11 Y-linked isoform c precursor"
"chromosome Y","NC_000024.10",5056824,5104361,"+",83259,"PCDH11Y","-","NP_116754.1",1048,"protocadherin-11 Y-linked isoform b precursor"
"chromosome Y","NC_000024.10",5057100,5104361,"+",83259,"PCDH11Y","-","XP_016885572.1",956,"protocadherin-11 Y-linked isoform X3"
"chromosome Y","NC_000024.10",6246269,6248825,"+",64591,"TSPY2","-","NP_072095.2",308,"testis-specific Y-encoded protein 2"
"chromosome Y","NC_000024.10",6246269,6248078,"+",64591,"TSPY2","-","XP_005262626.1",294,"testis-specific Y-encoded protein 2 isoform X1"
"chromosome Y","NC_000024.10",6246269,6248078,"+",64591,"TSPY2","-","XP_016885551.1",288,"testis-specific Y-encoded protein 2 isoform X2"
"chromosome Y","NC_000024.10",6866073,6872608,"-",266,"AMELY","-","NP_001134.1",192,"amelogenin, Y isoform isoform 1 precursor"
"chromosome Y","NC_000024.10",6866073,6872608,"-",266,"AMELY","-","NP_001351743.1",206,"amelogenin, Y isoform isoform 2 precursor"
"chromosome Y","NC_000024.10",7025085,7105406,"+",90665,"TBL1Y","-","XP_016885576.1",540,"F-box-like/WD repeat-containing protein TBL1Y isoform X2"
"chromosome Y","NC_000024.10",7025085,7100970,"+",90665,"TBL1Y","-","XP_016885575.1",577,"F-box-like/WD repeat-containing protein TBL1Y isoform X1"
"chromosome Y","NC_000024.10",7025085,7100970,"+",90665,"TBL1Y","-","XP_024308265.1",577,"F-box-like/WD repeat-containing protein TBL1Y isoform X1"
"chromosome Y","NC_000024.10",7025085,7091492,"+",90665,"TBL1Y","-","NP_150600.1",522,"F-box-like/WD repeat-containing protein TBL1Y"
"chromosome Y","NC_000024.10",7025085,7091492,"+",90665,"TBL1Y","-","NP_599020.1",522,"F-box-like/WD repeat-containing protein TBL1Y"
"chromosome Y","NC_000024.10",7025085,7091492,"+",90665,"TBL1Y","-","NP_599021.1",522,"F-box-like/WD repeat-containing protein TBL1Y"
"chromosome Y","NC_000024.10",7042880,7091492,"+",90665,"TBL1Y","-","XP_005262629.1",536,"F-box-like/WD repeat-containing protein TBL1Y isoform X3"
"chromosome Y","NC_000024.10",9337510,9340090,"+",728395,"TSPY4","-","NP_001157943.1",314,"testis-specific Y-encoded protein 4"
"chromosome Y","NC_000024.10",9337510,9339343,"+",728395,"TSPY4","-","XP_005272800.1",300,"testis-specific Y-encoded protein 4 isoform X1"
"chromosome Y","NC_000024.10",9337510,9339343,"+",728395,"TSPY4","-","XP_016885554.1",294,"testis-specific Y-encoded protein 4 isoform X2"
"chromosome Y","NC_000024.10",9357843,9360405,"+",728403,"TSPY8","-","NP_001230650.1",308,"testis-specific Y-encoded protein 8"
"chromosome Y","NC_000024.10",9357843,9359658,"+",728403,"TSPY8","-","XP_005272801.1",294,"testis-specific Y-encoded protein 8 isoform X1"
"chromosome Y","NC_000024.10",9357843,9359658,"+",728403,"TSPY8","-","XP_011542307.1",288,"testis-specific Y-encoded protein 8 isoform X2"
"chromosome Y","NC_000024.10",9398467,9401029,"+",728137,"TSPY3","-","NP_001071165.2",308,"testis-specific Y-encoded protein 3"
"chromosome Y","NC_000024.10",9398467,9400282,"+",728137,"TSPY3","-","XP_005272799.1",294,"testis-specific Y-encoded protein 3 isoform X1"
"chromosome Y","NC_000024.10",9398467,9400282,"+",728137,"TSPY3","-","XP_011542306.1",288,"testis-specific Y-encoded protein 3 isoform X2"
"chromosome Y","NC_000024.10",9467001,9469561,"+",7258,"TSPY1","-","NP_003299.2",308,"testis-specific Y-encoded protein 1 isoform TSPY-S"
"chromosome Y","NC_000024.10",9467001,9469561,"+",7258,"TSPY1","-","NP_001307893.1",221,"testis-specific Y-encoded protein 1 isoform 3"
"chromosome Y","NC_000024.10",9467001,9468816,"+",7258,"TSPY1","-","NP_001184171.1",294,"testis-specific Y-encoded protein 1 isoform TSPY-L"
"chromosome Y","NC_000024.10",9467001,9468816,"+",7258,"TSPY1","-","XP_016885553.1",288,"testis-specific Y-encoded protein 1 isoform X1"
"chromosome Y","NC_000024.10",9527926,9530488,"+",100289087,"TSPY10","-","NP_001269398.1",308,"testis-specific Y-encoded protein 10 isoform 1"
"chromosome Y","NC_000024.10",9527926,9529741,"+",100289087,"TSPY10","-","NP_001307891.1",294,"testis-specific Y-encoded protein 10 isoform 2"
"chromosome Y","NC_000024.10",9527926,9529741,"+",100289087,"TSPY10","-","XP_016885514.1",288,"testis-specific Y-encoded protein 10 isoform X1"
"chromosome Y","NC_000024.10",12709448,12859416,"+",8287,"USP9Y","-","XP_016885567.1",2560,"probable ubiquitin carboxyl-terminal hydrolase FAF-Y isoform X1"
"chromosome Y","NC_000024.10",12709448,12859416,"+",8287,"USP9Y","-","NP_004645.2",2555,"probable ubiquitin carboxyl-terminal hydrolase FAF-Y"
"chromosome Y","NC_000024.10",12904937,12918122,"+",8653,"DDX3Y","-","NP_004651.2",660,"ATP-dependent RNA helicase DDX3Y isoform 1"
"chromosome Y","NC_000024.10",12904937,12918122,"+",8653,"DDX3Y","-","NP_001116137.1",660,"ATP-dependent RNA helicase DDX3Y isoform 1"
"chromosome Y","NC_000024.10",12904937,12918122,"+",8653,"DDX3Y","-","NP_001311124.1",637,"ATP-dependent RNA helicase DDX3Y isoform 3"
"chromosome Y","NC_000024.10",12905780,12918122,"+",8653,"DDX3Y","-","NP_001289481.1",657,"ATP-dependent RNA helicase DDX3Y isoform 2"
"chromosome Y","NC_000024.10",13234386,13479665,"-",7404,"UTY","-","XP_011529754.1",1485,"histone demethylase UTY isoform X11"
"chromosome Y","NC_000024.10",13234386,13479665,"-",7404,"UTY","-","XP_011529753.1",1501,"histone demethylase UTY isoform X10"
"chromosome Y","NC_000024.10",13234386,13479665,"-",7404,"UTY","-","XP_011529752.1",1515,"histone demethylase UTY isoform X9"
"chromosome Y","NC_000024.10",13234386,13479665,"-",7404,"UTY","-","XP_011529750.1",1531,"histone demethylase UTY isoform X7"
"chromosome Y","NC_000024.10",13234386,13479665,"-",7404,"UTY","-","XP_011529749.1",1537,"histone demethylase UTY isoform X6"
"chromosome Y","NC_000024.10",13234386,13479665,"-",7404,"UTY","-","XP_011529747.1",1553,"histone demethylase UTY isoform X4"
"chromosome Y","NC_000024.10",13234386,13479665,"-",7404,"UTY","-","XP_011529751.1",1530,"histone demethylase UTY isoform X8"
"chromosome Y","NC_000024.10",13234386,13479665,"-",7404,"UTY","-","XP_011529748.1",1546,"histone demethylase UTY isoform X5"
"chromosome Y","NC_000024.10",13234386,13479665,"-",7404,"UTY","-","XP_011529745.1",1576,"histone demethylase UTY isoform X3"
"chromosome Y","NC_000024.10",13234386,13479665,"-",7404,"UTY","-","XP_011529744.1",1582,"histone demethylase UTY isoform X2"
"chromosome Y","NC_000024.10",13234386,13479665,"-",7404,"UTY","-","XP_011529743.1",1598,"histone demethylase UTY isoform X1"
"chromosome Y","NC_000024.10",13249786,13479665,"-",7404,"UTY","-","XP_016885557.1",1347,"histone demethylase UTY isoform X19"
"chromosome Y","NC_000024.10",13249786,13479665,"-",7404,"UTY","-","XP_016885555.1",1422,"histone demethylase UTY isoform X16"
"chromosome Y","NC_000024.10",13249786,13479665,"-",7404,"UTY","-","XP_011529756.1",1460,"histone demethylase UTY isoform X13"
"chromosome Y","NC_000024.10",13249856,13479665,"-",7404,"UTY","-","NP_001245194.1",1264,"histone demethylase UTY isoform 20"
"chromosome Y","NC_000024.10",13249856,13479665,"-",7404,"UTY","-","NP_001245190.1",1389,"histone demethylase UTY isoform 16"
"chromosome Y","NC_000024.10",13249856,13479665,"-",7404,"UTY","-","NP_001245179.1",1207,"histone demethylase UTY isoform 5"
"chromosome Y","NC_000024.10",13249856,13479665,"-",7404,"UTY","-","NP_001245188.1",1331,"histone demethylase UTY isoform 14"
"chromosome Y","NC_000024.10",13249856,13479665,"-",7404,"UTY","-","NP_001245193.1",1376,"histone demethylase UTY isoform 19"
"chromosome Y","NC_000024.10",13249856,13479665,"-",7404,"UTY","-","NP_001245186.1",1223,"histone demethylase UTY isoform 12"
"chromosome Y","NC_000024.10",13249856,13479665,"-",7404,"UTY","-","NP_001245192.1",1290,"histone demethylase UTY isoform 18"
"chromosome Y","NC_000024.10",13249856,13479665,"-",7404,"UTY","-","NP_009056.3",1347,"histone demethylase UTY isoform 3"
"chromosome Y","NC_000024.10",13249856,13479665,"-",7404,"UTY","-","NP_001245182.1",1306,"histone demethylase UTY isoform 8"
"chromosome Y","NC_000024.10",13249856,13479665,"-",7404,"UTY","-","NP_001245180.1",1363,"histone demethylase UTY isoform 6"
"chromosome Y","NC_000024.10",13249856,13479665,"-",7404,"UTY","-","NP_001245189.1",1377,"histone demethylase UTY isoform 15"
"chromosome Y","NC_000024.10",13249856,13479665,"-",7404,"UTY","-","NP_001245187.1",1399,"histone demethylase UTY isoform 13"
"chromosome Y","NC_000024.10",13249856,13479665,"-",7404,"UTY","-","NP_001245183.1",1211,"histone demethylase UTY isoform 9"
"chromosome Y","NC_000024.10",13249856,13479665,"-",7404,"UTY","-","NP_001245184.1",1268,"histone demethylase UTY isoform 10"
"chromosome Y","NC_000024.10",13249856,13479665,"-",7404,"UTY","-","NP_001245195.1",1367,"histone demethylase UTY isoform 21"
"chromosome Y","NC_000024.10",13249856,13479665,"-",7404,"UTY","-","NP_001245185.1",1335,"histone demethylase UTY isoform 11"
"chromosome Y","NC_000024.10",13249856,13479665,"-",7404,"UTY","-","NP_001245181.1",1392,"histone demethylase UTY isoform 7"
"chromosome Y","NC_000024.10",13249856,13479665,"-",7404,"UTY","-","XP_011529760.1",1422,"histone demethylase UTY isoform X15"
"chromosome Y","NC_000024.10",13249856,13479665,"-",7404,"UTY","-","NP_001245191.1",1320,"histone demethylase UTY isoform 17"
"chromosome Y","NC_000024.10",13249856,13479665,"-",7404,"UTY","-","NP_001245178.1",1444,"histone demethylase UTY isoform 4"
"chromosome Y","NC_000024.10",13249856,13479665,"-",7404,"UTY","-","XP_011529755.1",1460,"histone demethylase UTY isoform X12"
"chromosome Y","NC_000024.10",13251005,13479665,"-",7404,"UTY","-","NP_001245199.1",1218,"histone demethylase UTY isoform 25"
"chromosome Y","NC_000024.10",13251005,13479665,"-",7404,"UTY","-","NP_001245196.1",1342,"histone demethylase UTY isoform 22"
"chromosome Y","NC_000024.10",13251005,13479665,"-",7404,"UTY","-","NP_001245197.1",1263,"histone demethylase UTY isoform 23"
"chromosome Y","NC_000024.10",13251005,13479665,"-",7404,"UTY","-","XP_016885556.1",1387,"histone demethylase UTY isoform X17"
"chromosome Y","NC_000024.10",13251005,13479665,"-",7404,"UTY","-","NP_001245198.1",1293,"histone demethylase UTY isoform 24"
"chromosome Y","NC_000024.10",13251005,13479665,"-",7404,"UTY","-","XP_016885563.1",1433,"histone demethylase UTY isoform X34"
"chromosome Y","NC_000024.10",13251005,13479665,"-",7404,"UTY","-","XP_011529757.1",1455,"histone demethylase UTY isoform X14"
"chromosome Y","NC_000024.10",13278264,13479665,"-",7404,"UTY","-","XP_011529761.1",1379,"histone demethylase UTY isoform X18"
"chromosome Y","NC_000024.10",13297703,13479665,"-",7404,"UTY","-","NP_872600.1",1240,"histone demethylase UTY isoform 2"
"chromosome Y","NC_000024.10",13297836,13479665,"-",7404,"UTY","-","XP_016885559.1",1246,"histone demethylase UTY isoform X21"
"chromosome Y","NC_000024.10",13300044,13479665,"-",7404,"UTY","-","XP_005262575.1",1182,"histone demethylase UTY isoform X24"
"chromosome Y","NC_000024.10",13300044,13479665,"-",7404,"UTY","-","XP_006724938.1",1234,"histone demethylase UTY isoform X22"
"chromosome Y","NC_000024.10",13300044,13479665,"-",7404,"UTY","-","XP_024308261.1",1250,"histone demethylase UTY isoform X20"
"chromosome Y","NC_000024.10",13305702,13479665,"-",7404,"UTY","-","XP_016885562.1",1063,"histone demethylase UTY isoform X33"
"chromosome Y","NC_000024.10",13305702,13479665,"-",7404,"UTY","-","XP_016885560.1",1160,"histone demethylase UTY isoform X26"
"chromosome Y","NC_000024.10",13323114,13479665,"-",7404,"UTY","-","NP_872601.1",1079,"histone demethylase UTY isoform 1"
"chromosome Y","NC_000024.10",13323114,13479665,"-",7404,"UTY","-","XP_011529767.1",1095,"histone demethylase UTY isoform X32"
"chromosome Y","NC_000024.10",13323114,13479665,"-",7404,"UTY","-","XP_024308262.1",1109,"histone demethylase UTY isoform X31"
"chromosome Y","NC_000024.10",13323114,13479665,"-",7404,"UTY","-","XP_016885561.1",1125,"histone demethylase UTY isoform X29"
"chromosome Y","NC_000024.10",13323114,13479665,"-",7404,"UTY","-","XP_011529766.1",1124,"histone demethylase UTY isoform X30"
"chromosome Y","NC_000024.10",13323114,13479665,"-",7404,"UTY","-","XP_011529765.1",1140,"histone demethylase UTY isoform X28"
"chromosome Y","NC_000024.10",13323114,13479665,"-",7404,"UTY","-","XP_011529764.1",1154,"histone demethylase UTY isoform X27"
"chromosome Y","NC_000024.10",13323114,13479665,"-",7404,"UTY","-","XP_011529763.1",1176,"histone demethylase UTY isoform X25"
"chromosome Y","NC_000024.10",13323114,13479665,"-",7404,"UTY","-","XP_011529762.1",1192,"histone demethylase UTY isoform X23"
"chromosome Y","NC_000024.10",13704336,13705259,"+",9087,"TMSB4Y","-","NP_004193.1",44,"thymosin beta-4, Y-chromosomal"
"chromosome Y","NC_000024.10",13985871,13986440,"-",9084,"VCY","-","NP_004670.1",125,"testis-specific basic protein Y 1"
"chromosome Y","NC_000024.10",14056290,14056859,"+",353513,"VCY1B","-","NP_870996.1",125,"testis-specific basic protein Y 1"
"chromosome Y","NC_000024.10",14622120,14841262,"+",22829,"NLGN4Y","-","XP_024308258.1",836,"neuroligin-4, Y-linked isoform X1"
"chromosome Y","NC_000024.10",14622120,14841262,"+",22829,"NLGN4Y","-","NP_001352513.1",836,"neuroligin-4, Y-linked isoform 4"
"chromosome Y","NC_000024.10",14622120,14841262,"+",22829,"NLGN4Y","-","NP_001352515.1",836,"neuroligin-4, Y-linked isoform 4"
"chromosome Y","NC_000024.10",14622120,14841262,"+",22829,"NLGN4Y","-","NP_001352517.1",836,"neuroligin-4, Y-linked isoform 4"
"chromosome Y","NC_000024.10",14622120,14841262,"+",22829,"NLGN4Y","-","XP_006724937.1",836,"neuroligin-4, Y-linked isoform X1"
"chromosome Y","NC_000024.10",14622120,14841262,"+",22829,"NLGN4Y","-","XP_011529729.1",836,"neuroligin-4, Y-linked isoform X1"
"chromosome Y","NC_000024.10",14622120,14841262,"+",22829,"NLGN4Y","-","XP_011529730.1",836,"neuroligin-4, Y-linked isoform X1"
"chromosome Y","NC_000024.10",14622120,14841262,"+",22829,"NLGN4Y","-","XP_011529731.1",836,"neuroligin-4, Y-linked isoform X1"
"chromosome Y","NC_000024.10",14622120,14841262,"+",22829,"NLGN4Y","-","XP_011529732.1",836,"neuroligin-4, Y-linked isoform X1"
"chromosome Y","NC_000024.10",14622120,14841262,"+",22829,"NLGN4Y","-","XP_016885525.1",816,"neuroligin-4, Y-linked isoform X2"
"chromosome Y","NC_000024.10",14622120,14841262,"+",22829,"NLGN4Y","-","NP_001352519.1",816,"neuroligin-4, Y-linked isoform 1 precursor"
"chromosome Y","NC_000024.10",14622120,14841262,"+",22829,"NLGN4Y","-","NP_001352520.1",816,"neuroligin-4, Y-linked isoform 1 precursor"
"chromosome Y","NC_000024.10",14622120,14841262,"+",22829,"NLGN4Y","-","NP_001352521.1",816,"neuroligin-4, Y-linked isoform 1 precursor"
"chromosome Y","NC_000024.10",14622120,14841262,"+",22829,"NLGN4Y","-","NP_001352522.1",816,"neuroligin-4, Y-linked isoform 1 precursor"
"chromosome Y","NC_000024.10",14622120,14841262,"+",22829,"NLGN4Y","-","NP_055708.3",816,"neuroligin-4, Y-linked isoform 1 precursor"
"chromosome Y","NC_000024.10",14622120,14733537,"+",22829,"NLGN4Y","-","XP_016885530.1",256,"neuroligin-4, Y-linked isoform X5"
"chromosome Y","NC_000024.10",14622120,14733537,"+",22829,"NLGN4Y","-","NP_001157710.1",256,"neuroligin-4, Y-linked isoform 2 precursor"
"chromosome Y","NC_000024.10",14701096,14841262,"+",22829,"NLGN4Y","-","XP_016885528.1",691,"neuroligin-4, Y-linked isoform X3"
"chromosome Y","NC_000024.10",14723149,14841262,"+",22829,"NLGN4Y","-","XP_016885529.1",648,"neuroligin-4, Y-linked isoform X4"
"chromosome Y","NC_000024.10",14723149,14841262,"+",22829,"NLGN4Y","-","NP_001193779.1",648,"neuroligin-4, Y-linked isoform 3"
"chromosome Y","NC_000024.10",17769544,17769897,"-",9082,"XKRY","-","NP_004668.2",117,"testis-specific XK-related protein, Y-linked 2"
"chromosome Y","NC_000024.10",17878267,17879892,"-",203611,"CDY2B","-","NP_001001722.1",541,"testis-specific chromodomain protein Y 2"
"chromosome Y","NC_000024.10",18026115,18027740,"+",9426,"CDY2A","-","NP_004816.1",541,"testis-specific chromodomain protein Y 2"
"chromosome Y","NC_000024.10",18136112,18136465,"+",353515,"XKRY2","-","NP_001002906.1",117,"testis-specific XK-related protein, Y-linked 2"
"chromosome Y","NC_000024.10",18529812,18548471,"+",86614,"HSFY1","-","XP_016885574.1",328,"heat shock transcription factor, Y-linked isoform X1"
"chromosome Y","NC_000024.10",18546788,18588634,"+",86614,"HSFY1","-","NP_689797.1",203,"heat shock transcription factor, Y-linked isoform 2"
"chromosome Y","NC_000024.10",18546788,18548471,"+",86614,"HSFY1","-","NP_149099.2",401,"heat shock transcription factor, Y-linked isoform 1"
"chromosome Y","NC_000024.10",18546924,18548471,"+",86614,"HSFY1","-","XP_005262622.1",323,"heat shock transcription factor, Y-linked isoform X2"
"chromosome Y","NC_000024.10",18731769,18773618,"-",159119,"HSFY2","-","NP_001001877.1",203,"heat shock transcription factor, Y-linked isoform 2"
"chromosome Y","NC_000024.10",18769598,18773618,"-",159119,"HSFY2","-","XP_016885520.1",214,"heat shock transcription factor, Y-linked isoform X3"
"chromosome Y","NC_000024.10",18771935,18790595,"-",159119,"HSFY2","-","XP_016885519.1",328,"heat shock transcription factor, Y-linked isoform X1"
"chromosome Y","NC_000024.10",18771935,18773618,"-",159119,"HSFY2","-","NP_714927.1",401,"heat shock transcription factor, Y-linked isoform 1"
"chromosome Y","NC_000024.10",18771935,18773482,"-",159119,"HSFY2","-","XP_005262565.1",323,"heat shock transcription factor, Y-linked isoform X2"
"chromosome Y","NC_000024.10",19705995,19744534,"-",8284,"KDM5D","-","NP_001140178.1",1482,"lysine-specific demethylase 5D isoform 3"
"chromosome Y","NC_000024.10",19705995,19744534,"-",8284,"KDM5D","-","XP_005262617.1",1494,"lysine-specific demethylase 5D isoform X2"
"chromosome Y","NC_000024.10",19705995,19744534,"-",8284,"KDM5D","-","XP_005262618.1",1462,"lysine-specific demethylase 5D isoform X3"
"chromosome Y","NC_000024.10",19705995,19744534,"-",8284,"KDM5D","-","XP_011529770.1",1513,"lysine-specific demethylase 5D isoform X1"
"chromosome Y","NC_000024.10",19705995,19744534,"-",8284,"KDM5D","-","NP_004644.2",1539,"lysine-specific demethylase 5D isoform 2"
"chromosome Y","NC_000024.10",19705995,19744534,"-",8284,"KDM5D","-","NP_001140177.1",1570,"lysine-specific demethylase 5D isoform 1"
"chromosome Y","NC_000024.10",19705995,19716025,"-",8284,"KDM5D","-","XP_024308263.1",869,"lysine-specific demethylase 5D isoform X4"
"chromosome Y","NC_000024.10",19705995,19715708,"-",8284,"KDM5D","-","XP_024308264.1",791,"lysine-specific demethylase 5D isoform X5"
"chromosome Y","NC_000024.10",20575872,20592346,"+",9086,"EIF1AY","-","NP_004672.2",144,"eukaryotic translation initiation factor 1A, Y-chromosomal isoform 1"
"chromosome Y","NC_000024.10",20575872,20592346,"+",9086,"EIF1AY","-","NP_001265541.1",127,"eukaryotic translation initiation factor 1A, Y-chromosomal isoform 2"
"chromosome Y","NC_000024.10",20756164,20781032,"+",140032,"RPS4Y2","-","NP_001034656.1",263,"40S ribosomal protein S4, Y isoform 2"
"chromosome Y","NC_000024.10",21381697,21383995,"-",100533178,"PRORY","-","XP_016885515.1",164,"proline-rich protein, Y-linked isoform X1"
"chromosome Y","NC_000024.10",21381697,21383995,"-",100533178,"PRORY","-","XP_016885516.1",164,"proline-rich protein, Y-linked isoform X1"
"chromosome Y","NC_000024.10",21383186,21386263,"-",100533178,"PRORY","-","NP_001269400.1",182,"proline-rich protein, Y-linked"
"chromosome Y","NC_000024.10",21513351,21526053,"+",378948,"RBMY1B","-","XP_016885545.1",399,"RNA-binding motif protein, Y chromosome, family 1 member B isoform X1"
"chromosome Y","NC_000024.10",21513351,21525508,"+",378948,"RBMY1B","-","NP_001006121.1",496,"RNA-binding motif protein, Y chromosome, family 1 member B isoform 1"
"chromosome Y","NC_000024.10",21513351,21525508,"+",378948,"RBMY1B","-","NP_001307877.1",459,"RNA-binding motif protein, Y chromosome, family 1 member B isoform 2"
"chromosome Y","NC_000024.10",21513409,21525508,"+",378948,"RBMY1B","-","XP_016885546.1",435,"RNA-binding motif protein, Y chromosome, family 1 member B isoform X3"
"chromosome Y","NC_000024.10",21519179,21525508,"+",378948,"RBMY1B","-","XP_011529736.1",356,"RNA-binding motif protein, Y chromosome, family 1 member B isoform X2"
"chromosome Y","NC_000024.10",21536892,21559664,"+",5940,"RBMY1A1","-","XP_011529739.1",422,"RNA-binding motif protein, Y chromosome, family 1 member A1 isoform X1"
"chromosome Y","NC_000024.10",21536892,21549048,"+",5940,"RBMY1A1","-","NP_005049.1",496,"RNA-binding motif protein, Y chromosome, family 1 member A1 isoform 1"
"chromosome Y","NC_000024.10",21536892,21549048,"+",5940,"RBMY1A1","-","NP_001307873.1",459,"RNA-binding motif protein, Y chromosome, family 1 member A1 isoform 2"
"chromosome Y","NC_000024.10",21536950,21549048,"+",5940,"RBMY1A1","-","XP_016885549.1",435,"RNA-binding motif protein, Y chromosome, family 1 member A1 isoform X2"
"chromosome Y","NC_000024.10",21542720,21549048,"+",5940,"RBMY1A1","-","NP_001307874.1",356,"RNA-binding motif protein, Y chromosome, family 1 member A1 isoform 3"
"chromosome Y","NC_000024.10",21869738,21892513,"-",378949,"RBMY1D","-","XP_011529789.1",422,"RNA-binding motif protein, Y chromosome, family 1 member D isoform X2"
"chromosome Y","NC_000024.10",21879809,21892513,"-",378949,"RBMY1D","-","XP_011529790.1",399,"RNA-binding motif protein, Y chromosome, family 1 member D isoform X3"
"chromosome Y","NC_000024.10",21880354,21892513,"-",378949,"RBMY1D","-","XP_011529791.1",385,"RNA-binding motif protein, Y chromosome, family 1 member D isoform X4"
"chromosome Y","NC_000024.10",21880354,21892513,"-",378949,"RBMY1D","-","NP_001307878.1",459,"RNA-binding motif protein, Y chromosome, family 1 member D isoform 2"
"chromosome Y","NC_000024.10",21880354,21892513,"-",378949,"RBMY1D","-","NP_001006120.2",496,"RNA-binding motif protein, Y chromosome, family 1 member D isoform 1"
"chromosome Y","NC_000024.10",21880354,21892513,"-",378949,"RBMY1D","-","XP_011529788.1",496,"RNA-binding motif protein, Y chromosome, family 1 member D isoform X1"
"chromosome Y","NC_000024.10",21880354,21892455,"-",378949,"RBMY1D","-","NP_001307879.1",435,"RNA-binding motif protein, Y chromosome, family 1 member D isoform 3"
"chromosome Y","NC_000024.10",21880354,21886683,"-",378949,"RBMY1D","-","XP_011529792.1",356,"RNA-binding motif protein, Y chromosome, family 1 member D isoform X5"
"chromosome Y","NC_000024.10",21903351,21916054,"-",378950,"RBMY1E","-","XP_011529796.1",399,"RNA-binding motif protein, Y chromosome, family 1 member E isoform X2"
"chromosome Y","NC_000024.10",21903896,21916054,"-",378950,"RBMY1E","-","XP_011529797.1",385,"RNA-binding motif protein, Y chromosome, family 1 member E isoform X3"
"chromosome Y","NC_000024.10",21903896,21916054,"-",378950,"RBMY1E","-","XP_011529795.1",459,"RNA-binding motif protein, Y chromosome, family 1 member E isoform X1"
"chromosome Y","NC_000024.10",21903896,21916054,"-",378950,"RBMY1E","-","NP_001006118.2",496,"RNA-binding motif protein, Y chromosome, family 1 member E"
"chromosome Y","NC_000024.10",21903896,21915996,"-",378950,"RBMY1E","-","XP_016885547.1",435,"RNA-binding motif protein, Y chromosome, family 1 member E isoform X5"
"chromosome Y","NC_000024.10",21903896,21910224,"-",378950,"RBMY1E","-","XP_011529798.1",356,"RNA-binding motif protein, Y chromosome, family 1 member E isoform X4"
"chromosome Y","NC_000024.10",22072323,22084839,"-",442862,"PRY2","-","NP_001002758.1",147,"PTPN13-like protein, Y-linked"
"chromosome Y","NC_000024.10",22168820,22180969,"-",159163,"RBMY1F","-","NP_689798.1",496,"RNA-binding motif protein, Y chromosome, family 1 member F/J isoform 1"
"chromosome Y","NC_000024.10",22168820,22180911,"-",159163,"RBMY1F","-","XP_016885522.1",435,"RNA-binding motif protein, Y chromosome, family 1 member F/J isoform X3"
"chromosome Y","NC_000024.10",22169046,22180969,"-",159163,"RBMY1F","-","NP_001290339.1",419,"RNA-binding motif protein, Y chromosome, family 1 member F/J isoform 2"
"chromosome Y","NC_000024.10",22169486,22180969,"-",159163,"RBMY1F","-","XP_024308257.1",300,"RNA-binding motif protein, Y chromosome, family 1 member F/J isoform X1"
"chromosome Y","NC_000024.10",22169486,22175149,"-",159163,"RBMY1F","-","XP_016885521.1",271,"RNA-binding motif protein, Y chromosome, family 1 member F/J isoform X2"
"chromosome Y","NC_000024.10",22405448,22417603,"+",378951,"RBMY1J","-","NP_001006117.2",496,"RNA-binding motif protein, Y chromosome, family 1 member F/J"
"chromosome Y","NC_000024.10",22405448,22417603,"+",378951,"RBMY1J","-","XP_011529802.1",459,"RNA-binding motif protein, Y chromosome, family 1 member F/J isoform X1"
"chromosome Y","NC_000024.10",22405506,22417603,"+",378951,"RBMY1J","-","XP_016885548.1",435,"RNA-binding motif protein, Y chromosome, family 1 member F/J isoform X3"
"chromosome Y","NC_000024.10",22411274,22417603,"+",378951,"RBMY1J","-","XP_011529805.1",356,"RNA-binding motif protein, Y chromosome, family 1 member F/J isoform X2"
"chromosome Y","NC_000024.10",22501565,22514070,"+",9081,"PRY","-","XP_016885577.1",147,"PTPN13-like protein, Y-linked isoform X1"
"chromosome Y","NC_000024.10",22501565,22514070,"+",9081,"PRY","-","NP_004667.2",147,"PTPN13-like protein, Y-linked"
"chromosome Y","NC_000024.10",22992344,22998268,"+",9083,"BPY2","-","NP_004669.2",106,"testis-specific basic protein Y 2"
"chromosome Y","NC_000024.10",23135210,23198800,"-",1617,"DAZ1","-","NP_004072.3",744,"deleted in azoospermia protein 1"
"chromosome Y","NC_000024.10",23135210,23191777,"-",1617,"DAZ1","-","XP_011529784.1",694,"deleted in azoospermia protein 1 isoform X1"
"chromosome Y","NC_000024.10",23135210,23180929,"-",1617,"DAZ1","-","XP_011529785.1",529,"deleted in azoospermia protein 1 isoform X2"
"chromosome Y","NC_000024.10",23219741,23285501,"+",57055,"DAZ2","-","NP_065096.2",558,"deleted in azoospermia protein 2 isoform 1"
"chromosome Y","NC_000024.10",23219741,23285501,"+",57055,"DAZ2","-","NP_001005785.1",534,"deleted in azoospermia protein 2 isoform 2"
"chromosome Y","NC_000024.10",23219741,23285501,"+",57055,"DAZ2","-","NP_001005786.2",366,"deleted in azoospermia protein 2 isoform 3"
"chromosome Y","NC_000024.10",24045604,24047688,"-",253175,"CDY1B","-","NP_001003895.1",554,"testis-specific chromodomain protein Y 1 isoform b"
"chromosome Y","NC_000024.10",24045656,24047688,"-",253175,"CDY1B","-","XP_011529786.1",470,"testis-specific chromodomain protein Y 1 isoform X1"
"chromosome Y","NC_000024.10",24046066,24047688,"-",253175,"CDY1B","-","NP_001003894.1",540,"testis-specific chromodomain protein Y 1 isoform a"
"chromosome Y","NC_000024.10",24626085,24632010,"+",442867,"BPY2B","-","NP_001002760.1",106,"testis-specific basic protein Y 2"
"chromosome Y","NC_000024.10",24768934,24813185,"-",57054,"DAZ3","-","NP_065097.2",438,"deleted in azoospermia protein 3"
"chromosome Y","NC_000024.10",24834127,24901175,"+",57135,"DAZ4","-","XP_005262659.1",723,"deleted in azoospermia protein 4 isoform X1"
"chromosome Y","NC_000024.10",24834127,24901175,"+",57135,"DAZ4","-","NP_001005375.1",579,"deleted in azoospermia protein 4 isoform 1"
"chromosome Y","NC_000024.10",24834127,24901175,"+",57135,"DAZ4","-","NP_065153.1",390,"deleted in azoospermia protein 4 isoform 2"
"chromosome Y","NC_000024.10",24841152,24901175,"+",57135,"DAZ4","-","XP_011529811.1",673,"deleted in azoospermia protein 4 isoform X2"
"chromosome Y","NC_000024.10",24852000,24901175,"+",57135,"DAZ4","-","XP_011529812.1",508,"deleted in azoospermia protein 4 isoform X3"
"chromosome Y","NC_000024.10",25038098,25044023,"-",442868,"BPY2C","-","NP_001002761.1",106,"testis-specific basic protein Y 2"
"chromosome Y","NC_000024.10",25622443,25624527,"+",9085,"CDY1","-","NP_004671.1",554,"testis-specific chromodomain protein Y 1 isoform b"
"chromosome Y","NC_000024.10",25622443,25624475,"+",9085,"CDY1","-","XP_011529814.1",470,"testis-specific chromodomain protein Y 1 isoform X1"
"chromosome Y","NC_000024.10",25622443,25624065,"+",9085,"CDY1","-","NP_733841.1",540,"testis-specific chromodomain protein Y 1 isoform a"
"chromosome Y","NC_000024.10",56960392,56961258,"+",10251,"SPRY3","-","NP_005831.1",288,"protein sprouty homolog 3"
"chromosome Y","NC_000024.10",57075987,57128659,"+",6845,"VAMP7","-","NP_001172112.1",260,"vesicle-associated membrane protein 7 isoform 3"
"chromosome Y","NC_000024.10",57075987,57128471,"+",6845,"VAMP7","-","NP_005629.1",220,"vesicle-associated membrane protein 7 isoform 1"
"chromosome Y","NC_000024.10",57075987,57128471,"+",6845,"VAMP7","-","NP_001138621.1",179,"vesicle-associated membrane protein 7 isoform 2"
"chromosome Y","NC_000024.10",57076149,57128659,"+",6845,"VAMP7","-","XP_011543955.1",213,"vesicle-associated membrane protein 7 isoform X1"
"chromosome Y","NC_000024.10",57076149,57128471,"+",6845,"VAMP7","-","XP_016885552.1",173,"vesicle-associated membrane protein 7 isoform X2"
"chromosome Y","NC_000024.10",57184264,57196929,"+",3581,"IL9R","-","XP_011543947.1",568,"interleukin-9 receptor isoform X1"
"chromosome Y","NC_000024.10",57184264,57196929,"+",3581,"IL9R","-","XP_016885533.1",567,"interleukin-9 receptor isoform X2"
"chromosome Y","NC_000024.10",57184264,57196929,"+",3581,"IL9R","-","XP_016885534.1",543,"interleukin-9 receptor isoform X4"
"chromosome Y","NC_000024.10",57184264,57196929,"+",3581,"IL9R","-","XP_016885539.1",437,"interleukin-9 receptor isoform X9"
"chromosome Y","NC_000024.10",57184264,57196929,"+",3581,"IL9R","-","XP_011543948.1",560,"interleukin-9 receptor isoform X3"
"chromosome Y","NC_000024.10",57184264,57196622,"+",3581,"IL9R","-","XP_016885543.1",363,"interleukin-9 receptor isoform X13"
"chromosome Y","NC_000024.10",57184264,57196372,"+",3581,"IL9R","-","XP_011543952.1",460,"interleukin-9 receptor isoform X7"
"chromosome Y","NC_000024.10",57184264,57196372,"+",3581,"IL9R","-","XP_011543954.1",354,"interleukin-9 receptor isoform X14"
"chromosome Y","NC_000024.10",57184264,57196372,"+",3581,"IL9R","-","NP_789743.2",342,"interleukin-9 receptor isoform 2"
"chromosome Y","NC_000024.10",57184264,57194928,"+",3581,"IL9R","-","XP_016885538.1",499,"interleukin-9 receptor isoform X6"
"chromosome Y","NC_000024.10",57184264,57194840,"+",3581,"IL9R","-","XP_016885542.1",367,"interleukin-9 receptor isoform X12"
"chromosome Y","NC_000024.10",57184264,57194655,"+",3581,"IL9R","-","XP_011543953.1",449,"interleukin-9 receptor isoform X8"
"chromosome Y","NC_000024.10",57184280,57196929,"+",3581,"IL9R","-","NP_002177.2",521,"interleukin-9 receptor isoform 1 precursor"
"chromosome Y","NC_000024.10",57184280,57196929,"+",3581,"IL9R","-","XP_016885540.1",386,"interleukin-9 receptor isoform X10"
"chromosome Y","NC_000024.10",57189461,57196929,"+",3581,"IL9R","-","XP_016885535.1",500,"interleukin-9 receptor isoform X5"
"chromosome Y","NC_000024.10",57189461,57196929,"+",3581,"IL9R","-","XP_016885536.1",500,"interleukin-9 receptor isoform X5"
"chromosome Y","NC_000024.10",57189461,57196929,"+",3581,"IL9R","-","XP_016885537.1",500,"interleukin-9 receptor isoform X5"
"chromosome Y","NC_000024.10",57189461,57196929,"+",3581,"IL9R","-","XP_011543951.1",500,"interleukin-9 receptor isoform X5"
"chromosome Y","NC_000024.10",57189461,57194655,"+",3581,"IL9R","-","XP_016885541.1",381,"interleukin-9 receptor isoform X11"
"chromosome Y","NC_000024.10",57192353,57196929,"+",3581,"IL9R","-","XP_016885544.1",287,"interleukin-9 receptor isoform X15"
