,component,composite,composite_start,composite_end,component_fam,composite_fam,no_overlap_score
0,sp|Q8NE65|ZN738_HUMAN,sp|Q6ZN11|ZN793_HUMAN,7,67,F113,F99,1.00
1,sp|Q96N58|ZN578_HUMAN,sp|Q6ZN11|ZN793_HUMAN,214,398,F2,F99,1.00
2,sp|A6NI73|LIRA5_HUMAN,sp|Q8NHL6|LIRB1_HUMAN,1,227,F131,F14,0.00
3,sp|Q8NHJ6|LIRB4_HUMAN,sp|Q8NHL6|LIRB1_HUMAN,225,650,F28,F14,0.00
4,sp|Q8NE65|ZN738_HUMAN,sp|Q96PE6|ZIM3_HUMAN,5,68,F113,F82,1.00
5,sp|Q7Z340|ZN551_HUMAN,sp|Q96PE6|ZIM3_HUMAN,164,471,F59,F82,1.00
6,sp|Q8NE65|ZN738_HUMAN,sp|Q5HYK9|ZN667_HUMAN,11,73,F113,F74,1.00
7,sp|Q15072|OZF_HUMAN,sp|Q5HYK9|ZN667_HUMAN,315,606,F88,F74,1.00
8,sp|Q8NE65|ZN738_HUMAN,sp|Q2M3W8|ZN181_HUMAN,4,68,F113,F68,1.00
9,sp|Q9NR11|ZN302_HUMAN,sp|Q2M3W8|ZN181_HUMAN,96,434,F87,F68,1.00
10,sp|Q8NE65|ZN738_HUMAN,sp|Q8IYI8|ZN440_HUMAN,3,44,F113,F4,1.00
11,sp|Q96I27|ZN625_HUMAN,sp|Q8IYI8|ZN440_HUMAN,67,367,F98,F4,1.00
12,sp|Q8NE65|ZN738_HUMAN,sp|Q9Y6R6|Z780B_HUMAN,4,65,F113,F3,1.00
13,sp|P51522|ZNF83_HUMAN,sp|Q9Y6R6|Z780B_HUMAN,208,671,F2,F3,1.00
14,sp|Q8NE65|ZN738_HUMAN,sp|Q6PF04|ZN613_HUMAN,8,79,F113,F24,1.00
15,sp|Q86UD4|ZN329_HUMAN,sp|Q6PF04|ZN613_HUMAN,125,511,F73,F24,1.00
16,sp|Q8NE65|ZN738_HUMAN,sp|Q86TJ5|ZN554_HUMAN,45,84,F113,F85,1.00
17,sp|Q9P255|ZN492_HUMAN,sp|Q86TJ5|ZN554_HUMAN,258,535,F1,F85,1.00
18,sp|O75437|ZN254_HUMAN,sp|Q86TJ5|ZN554_HUMAN,257,530,F1,F85,1.00
19,sp|Q96N22|ZN681_HUMAN,sp|Q86TJ5|ZN554_HUMAN,253,538,F1,F85,1.00
20,sp|Q8N7Q3|ZN676_HUMAN,sp|Q86TJ5|ZN554_HUMAN,253,529,F1,F85,1.00
21,sp|P17019|ZN708_HUMAN,sp|Q86TJ5|ZN554_HUMAN,253,535,F1,F85,1.00
22,sp|Q96I27|ZN625_HUMAN,sp|P15621|ZNF44_HUMAN,117,412,F98,F4,1.00
23,sp|Q9NR11|ZN302_HUMAN,sp|P15621|ZNF44_HUMAN,441,637,F87,F4,1.00
24,sp|Q8NE65|ZN738_HUMAN,sp|Q8NDQ6|ZN540_HUMAN,6,69,F113,F3,1.00
25,sp|P51522|ZNF83_HUMAN,sp|Q8NDQ6|ZN540_HUMAN,202,637,F2,F3,1.00
26,sp|Q6ZN19|ZN841_HUMAN,sp|Q8NDQ6|ZN540_HUMAN,172,657,F2,F3,1.00
27,sp|Q6ZNG1|ZN600_HUMAN,sp|Q8NDQ6|ZN540_HUMAN,173,659,F2,F3,1.00
28,sp|Q6ZR52|ZN493_HUMAN,sp|Q8NDQ6|ZN540_HUMAN,157,660,F2,F3,1.00
29,sp|A6NGD5|ZSA5C_HUMAN,sp|Q8NDQ6|ZN540_HUMAN,408,545,F66,F3,1.00
30,sp|Q8N8C0|ZN781_HUMAN,sp|Q8NDQ6|ZN540_HUMAN,545,650,F107,F3,1.00
31,sp|Q13351|KLF1_HUMAN,sp|Q14592|ZN460_HUMAN,199,274,F118,F6,0.00
32,sp|Q9Y5W3|KLF2_HUMAN,sp|Q14592|ZN460_HUMAN,201,274,F119,F6,0.00
33,sp|P10073|ZSC22_HUMAN,sp|Q14592|ZN460_HUMAN,273,498,F95,F6,0.00
34,sp|Q96I27|ZN625_HUMAN,sp|P16415|ZN823_HUMAN,69,359,F98,F4,1.00
35,sp|Q7Z398|ZN550_HUMAN,sp|P16415|ZN823_HUMAN,380,605,F92,F4,1.00
36,sp|Q8NE65|ZN738_HUMAN,sp|Q9H0M5|ZN700_HUMAN,20,64,F113,F4,1.00
37,sp|Q96I27|ZN625_HUMAN,sp|Q9H0M5|ZN700_HUMAN,87,417,F98,F4,1.00
38,sp|Q96GC6|ZN274_HUMAN,sp|Q9H0M5|ZN700_HUMAN,351,495,F104,F4,1.00
39,sp|Q96NG5|ZN558_HUMAN,sp|Q9H0M5|ZN700_HUMAN,439,726,F54,F4,1.00
40,sp|P10073|ZSC22_HUMAN,sp|Q9H0M5|ZN700_HUMAN,503,727,F95,F4,1.00
41,sp|Q8TBC5|ZSC18_HUMAN,sp|Q3ZCX4|ZN568_HUMAN,276,334,F62,F3,1.00
42,sp|A6NGD5|ZSA5C_HUMAN,sp|Q3ZCX4|ZN568_HUMAN,361,496,F66,F3,1.00
43,sp|Q9BUG6|ZSA5A_HUMAN,sp|Q3ZCX4|ZN568_HUMAN,361,496,F66,F3,1.00
44,sp|Q8NE65|ZN738_HUMAN,sp|Q5MCW4|ZN569_HUMAN,5,74,F113,F3,1.00
45,sp|Q9P255|ZN492_HUMAN,sp|Q5MCW4|ZN569_HUMAN,237,660,F1,F3,1.00
46,sp|A6NNF4|ZN726_HUMAN,sp|Q5MCW4|ZN569_HUMAN,6,685,F1,F3,1.00
47,sp|P35789|ZNF93_HUMAN,sp|Q5MCW4|ZN569_HUMAN,6,633,F1,F3,1.00
48,sp|P17019|ZN708_HUMAN,sp|Q5MCW4|ZN569_HUMAN,243,664,F1,F3,1.00
49,sp|Q8IVP9|ZN547_HUMAN,sp|Q5MCW4|ZN569_HUMAN,201,462,F58,F3,1.00
50,sp|Q9BSK1|ZN577_HUMAN,sp|Q5MCW4|ZN569_HUMAN,233,519,F97,F3,1.00
51,sp|Q9NR11|ZN302_HUMAN,sp|Q5MCW4|ZN569_HUMAN,276,523,F87,F3,1.00
52,sp|A6NGD5|ZSA5C_HUMAN,sp|Q5MCW4|ZN569_HUMAN,325,460,F66,F3,1.00
53,sp|A6NJL1|ZSA5B_HUMAN,sp|Q5MCW4|ZN569_HUMAN,325,460,F66,F3,1.00
54,sp|Q9BUG6|ZSA5A_HUMAN,sp|Q5MCW4|ZN569_HUMAN,325,460,F66,F3,1.00
55,sp|Q9Y5W3|KLF2_HUMAN,sp|Q5MCW4|ZN569_HUMAN,583,656,F119,F3,1.00
56,sp|Q8NE65|ZN738_HUMAN,sp|Q8N7M2|ZN283_HUMAN,71,115,F113,F3,1.00
57,sp|O43345|ZN208_HUMAN,sp|Q8N7M2|ZN283_HUMAN,194,678,F7,F3,1.00
58,sp|A8MQ14|ZN850_HUMAN,sp|Q8N7M2|ZN283_HUMAN,70,677,F7,F3,1.00
59,sp|Q9H707|ZN552_HUMAN,sp|Q9Y2P7|ZN256_HUMAN,1,405,F103,F61,0.00
60,sp|E7ETH6|Z587B_HUMAN,sp|Q9Y2P7|ZN256_HUMAN,2,371,F103,F61,0.00
61,sp|P10073|ZSC22_HUMAN,sp|Q9Y2P7|ZN256_HUMAN,372,597,F95,F61,0.00
62,sp|A6NJL1|ZSA5B_HUMAN,sp|Q8N972|ZN709_HUMAN,140,274,F66,F4,0.00
63,sp|Q96I27|ZN625_HUMAN,sp|Q8N972|ZN709_HUMAN,255,531,F98,F4,0.00
64,sp|Q9Y5W3|KLF2_HUMAN,sp|P58317|ZN121_HUMAN,177,250,F119,F3,0.00
65,sp|Q8N8C0|ZN781_HUMAN,sp|P58317|ZN121_HUMAN,243,355,F107,F3,0.00
66,sp|Q8NE65|ZN738_HUMAN,sp|Q6ZN06|ZN813_HUMAN,5,49,F113,F2,1.00
67,sp|Q8WXB4|ZN606_HUMAN,sp|Q6ZN06|ZN813_HUMAN,184,617,F71,F2,1.00
68,sp|Q9BSK1|ZN577_HUMAN,sp|Q6ZN06|ZN813_HUMAN,228,492,F97,F2,1.00
69,sp|P10073|ZSC22_HUMAN,sp|Q6ZN06|ZN813_HUMAN,265,489,F95,F2,1.00
70,sp|A6NGD5|ZSA5C_HUMAN,sp|Q6ZN06|ZN813_HUMAN,326,461,F66,F2,1.00
71,sp|A6NJL1|ZSA5B_HUMAN,sp|Q6ZN06|ZN813_HUMAN,326,448,F66,F2,1.00
72,sp|Q9BUG6|ZSA5A_HUMAN,sp|Q6ZN06|ZN813_HUMAN,326,461,F66,F2,1.00
73,sp|Q8N8C0|ZN781_HUMAN,sp|Q6ZN06|ZN813_HUMAN,489,595,F107,F2,1.00
74,sp|Q8NE65|ZN738_HUMAN,sp|Q8N823|ZN611_HUMAN,21,66,F113,F2,1.00
75,sp|Q05481|ZNF91_HUMAN,sp|Q8N823|ZN611_HUMAN,138,705,F7,F2,1.00
76,sp|Q8NE65|ZN738_HUMAN,sp|Q6ZN08|ZNF66_HUMAN,2,74,F113,F1,1.00
77,sp|Q9HCL3|ZFP14_HUMAN,sp|Q6ZN08|ZNF66_HUMAN,2,533,F3,F1,1.00
78,sp|Q8N9K5|ZN565_HUMAN,sp|Q6ZN08|ZNF66_HUMAN,2,505,F3,F1,1.00
79,sp|Q8TAQ5|ZN420_HUMAN,sp|Q6ZN08|ZNF66_HUMAN,4,572,F3,F1,1.00
80,sp|Q14585|ZN345_HUMAN,sp|Q6ZN08|ZNF66_HUMAN,162,572,F3,F1,1.00
81,sp|Q9NQZ8|ZNF71_HUMAN,sp|Q6ZN08|ZNF66_HUMAN,149,532,F3,F1,1.00
82,sp|Q3ZCT1|ZN260_HUMAN,sp|Q6ZN08|ZNF66_HUMAN,158,559,F3,F1,1.00
83,sp|Q8NE65|ZN738_HUMAN,sp|Q8TD23|ZN675_HUMAN,2,75,F113,F1,1.00
84,sp|Q86XN6|ZN761_HUMAN,sp|Q8TD23|ZN675_HUMAN,128,562,F2,F1,1.00
85,sp|P51522|ZNF83_HUMAN,sp|Q8TD23|ZN675_HUMAN,172,562,F2,F1,1.00
86,sp|A8MXY4|ZNF99_HUMAN,sp|Q8TD23|ZN675_HUMAN,1,562,F2,F1,1.00
87,sp|P0CJ79|ZN888_HUMAN,sp|Q8TD23|ZN675_HUMAN,142,562,F2,F1,1.00
88,sp|Q8N4W9|ZN808_HUMAN,sp|Q8TD23|ZN675_HUMAN,136,562,F2,F1,1.00
89,sp|P17038|ZNF43_HUMAN,sp|Q8TD23|ZN675_HUMAN,1,563,F2,F1,1.00
90,sp|P17035|ZNF28_HUMAN,sp|Q8TD23|ZN675_HUMAN,141,562,F2,F1,1.00
91,sp|Q09FC8|ZN415_HUMAN,sp|Q8TD23|ZN675_HUMAN,202,562,F2,F1,1.00
92,sp|Q6ZNG1|ZN600_HUMAN,sp|Q8TD23|ZN675_HUMAN,136,562,F2,F1,1.00
93,sp|Q6ZR52|ZN493_HUMAN,sp|Q8TD23|ZN675_HUMAN,119,562,F2,F1,1.00
94,sp|Q8NE65|ZN738_HUMAN,sp|Q9HCL3|ZFP14_HUMAN,4,65,F113,F3,1.00
95,sp|A6NK75|ZNF98_HUMAN,sp|Q9HCL3|ZFP14_HUMAN,4,532,F1,F3,1.00
96,sp|Q6ZN08|ZNF66_HUMAN,sp|Q9HCL3|ZFP14_HUMAN,4,532,F1,F3,1.00
97,sp|Q8N7Q3|ZN676_HUMAN,sp|Q9HCL3|ZFP14_HUMAN,152,532,F1,F3,1.00
98,sp|P17019|ZN708_HUMAN,sp|Q9HCL3|ZFP14_HUMAN,159,530,F1,F3,1.00
99,sp|Q8NE65|ZN738_HUMAN,sp|Q96H40|ZN486_HUMAN,2,84,F113,F1,1.00
100,sp|Q6NX49|ZN544_HUMAN,sp|Q96H40|ZN486_HUMAN,147,461,F45,F1,1.00
101,sp|Q8NE65|ZN738_HUMAN,sp|A6NN14|ZN729_HUMAN,2,84,F113,F7,1.00
102,sp|Q96IR2|ZN845_HUMAN,sp|A6NN14|ZN729_HUMAN,7,962,F2,F7,1.00
103,sp|Q9H7R5|ZN665_HUMAN,sp|A6NN14|ZN729_HUMAN,7,708,F2,F7,1.00
104,sp|Q96SE7|ZN347_HUMAN,sp|A6NN14|ZN729_HUMAN,7,826,F2,F7,1.00
105,sp|Q9HCG1|ZN160_HUMAN,sp|A6NN14|ZN729_HUMAN,7,769,F2,F7,1.00
106,sp|P51522|ZNF83_HUMAN,sp|A6NN14|ZN729_HUMAN,221,715,F2,F7,1.00
107,sp|A8MXY4|ZNF99_HUMAN,sp|A6NN14|ZN729_HUMAN,10,1007,F2,F7,1.00
108,sp|Q8N4W9|ZN808_HUMAN,sp|A6NN14|ZN729_HUMAN,275,958,F2,F7,1.00
109,sp|P17038|ZNF43_HUMAN,sp|A6NN14|ZN729_HUMAN,10,828,F2,F7,1.00
110,sp|P17035|ZNF28_HUMAN,sp|A6NN14|ZN729_HUMAN,271,823,F2,F7,1.00
111,sp|Q5VIY5|ZN468_HUMAN,sp|A6NN14|ZN729_HUMAN,215,571,F2,F7,1.00
112,sp|Q6ZN19|ZN841_HUMAN,sp|A6NN14|ZN729_HUMAN,277,1019,F2,F7,1.00
113,sp|Q09FC8|ZN415_HUMAN,sp|A6NN14|ZN729_HUMAN,318,713,F2,F7,1.00
114,sp|Q6ZNG1|ZN600_HUMAN,sp|A6NN14|ZN729_HUMAN,554,1210,F2,F7,1.00
115,sp|Q6ZR52|ZN493_HUMAN,sp|A6NN14|ZN729_HUMAN,129,762,F2,F7,1.00
116,sp|Q8NE65|ZN738_HUMAN,sp|Q96N22|ZN681_HUMAN,3,75,F113,F1,1.00
117,sp|Q96IR2|ZN845_HUMAN,sp|Q96N22|ZN681_HUMAN,137,644,F2,F1,1.00
118,sp|A2RRD8|ZN320_HUMAN,sp|Q96N22|ZN681_HUMAN,295,643,F2,F1,1.00
119,sp|Q9H7R5|ZN665_HUMAN,sp|Q96N22|ZN681_HUMAN,4,642,F2,F1,1.00
120,sp|Q9HCG1|ZN160_HUMAN,sp|Q96N22|ZN681_HUMAN,82,644,F2,F1,1.00
121,sp|Q6ZNA1|ZN836_HUMAN,sp|Q96N22|ZN681_HUMAN,85,644,F2,F1,1.00
122,sp|P51522|ZNF83_HUMAN,sp|Q96N22|ZN681_HUMAN,210,645,F2,F1,1.00
123,sp|A8MXY4|ZNF99_HUMAN,sp|Q96N22|ZN681_HUMAN,1,644,F2,F1,1.00
124,sp|P17038|ZNF43_HUMAN,sp|Q96N22|ZN681_HUMAN,1,644,F2,F1,1.00
125,sp|Q09FC8|ZN415_HUMAN,sp|Q96N22|ZN681_HUMAN,224,619,F2,F1,1.00
126,sp|Q8N823|ZN611_HUMAN,sp|Q96N22|ZN681_HUMAN,126,616,F2,F1,1.00
127,sp|Q6ZNG1|ZN600_HUMAN,sp|Q96N22|ZN681_HUMAN,134,644,F2,F1,1.00
128,sp|Q6ZR52|ZN493_HUMAN,sp|Q96N22|ZN681_HUMAN,117,644,F2,F1,1.00
129,sp|Q8N9Z0|ZN610_HUMAN,sp|Q96N22|ZN681_HUMAN,366,615,F2,F1,1.00
130,sp|P10073|ZSC22_HUMAN,sp|Q96N22|ZN681_HUMAN,313,528,F95,F1,1.00
131,sp|Q8N8C0|ZN781_HUMAN,sp|Q96N22|ZN681_HUMAN,325,439,F107,F1,1.00
132,sp|Q7Z398|ZN550_HUMAN,sp|Q96N22|ZN681_HUMAN,330,557,F92,F1,1.00
133,sp|Q96GC6|ZN274_HUMAN,sp|Q96N22|ZN681_HUMAN,455,612,F104,F1,1.00
134,sp|Q13351|KLF1_HUMAN,sp|Q96N22|ZN681_HUMAN,539,612,F118,F1,1.00
135,sp|Q8NE65|ZN738_HUMAN,sp|Q9BSK1|ZN577_HUMAN,20,81,F113,F97,1.00
136,sp|Q8TAW3|ZN671_HUMAN,sp|Q9BSK1|ZN577_HUMAN,127,379,F79,F97,1.00
137,sp|P52741|ZN134_HUMAN,sp|Q9BSK1|ZN577_HUMAN,110,376,F79,F97,1.00
138,sp|Q8NE65|ZN738_HUMAN,sp|Q7Z398|ZN550_HUMAN,12,75,F113,F92,1.00
139,sp|Q8N883|ZN614_HUMAN,sp|Q7Z398|ZN550_HUMAN,181,422,F23,F92,1.00
140,sp|Q8NE65|ZN738_HUMAN,sp|Q96IR2|ZN845_HUMAN,3,49,F113,F2,1.00
141,sp|Q05481|ZNF91_HUMAN,sp|Q96IR2|ZN845_HUMAN,166,969,F7,F2,1.00
142,sp|A6NN14|ZN729_HUMAN,sp|Q96IR2|ZN845_HUMAN,2,969,F7,F2,1.00
143,sp|Q8N8J6|ZN615_HUMAN,sp|Q96IR2|ZN845_HUMAN,312,853,F23,F2,1.00
144,sp|P17039|ZNF30_HUMAN,sp|Q96IR2|ZN845_HUMAN,313,830,F3,F2,1.00
145,sp|Q6ECI4|ZN470_HUMAN,sp|Q96IR2|ZN845_HUMAN,290,772,F3,F2,1.00
146,sp|Q9Y2G7|ZFP30_HUMAN,sp|Q96IR2|ZN845_HUMAN,531,909,F3,F2,1.00
147,sp|Q8TAQ5|ZN420_HUMAN,sp|Q96IR2|ZN845_HUMAN,251,820,F3,F2,1.00
148,sp|Q86UE3|ZN546_HUMAN,sp|Q96IR2|ZN845_HUMAN,286,941,F3,F2,1.00
149,sp|Q3ZCX4|ZN568_HUMAN,sp|Q96IR2|ZN845_HUMAN,316,857,F3,F2,1.00
150,sp|Q96NG8|ZN582_HUMAN,sp|Q96IR2|ZN845_HUMAN,643,970,F3,F2,1.00
151,sp|Q86YE8|ZN573_HUMAN,sp|Q96IR2|ZN845_HUMAN,268,797,F3,F2,1.00
152,sp|Q5MCW4|ZN569_HUMAN,sp|Q96IR2|ZN845_HUMAN,270,770,F3,F2,1.00
153,sp|Q14585|ZN345_HUMAN,sp|Q96IR2|ZN845_HUMAN,315,801,F3,F2,1.00
154,sp|Q9NQZ8|ZNF71_HUMAN,sp|Q96IR2|ZN845_HUMAN,588,966,F3,F2,1.00
155,sp|Q3KNS6|ZN829_HUMAN,sp|Q96IR2|ZN845_HUMAN,251,547,F3,F2,1.00
156,sp|Q9NQX6|ZN331_HUMAN,sp|Q96IR2|ZN845_HUMAN,629,965,F3,F2,1.00
157,sp|Q3ZCT1|ZN260_HUMAN,sp|Q96IR2|ZN845_HUMAN,362,798,F3,F2,1.00
158,sp|Q14588|ZN234_HUMAN,sp|Q96IR2|ZN845_HUMAN,252,816,F5,F2,1.00
159,sp|Q9UK13|ZN221_HUMAN,sp|Q96IR2|ZN845_HUMAN,377,804,F5,F2,1.00
160,sp|Q9BSK1|ZN577_HUMAN,sp|Q96IR2|ZN845_HUMAN,322,573,F97,F2,1.00
161,sp|Q8N972|ZN709_HUMAN,sp|Q96IR2|ZN845_HUMAN,277,828,F4,F2,1.00
162,sp|Q3KP31|ZN791_HUMAN,sp|Q96IR2|ZN845_HUMAN,369,881,F4,F2,1.00
163,sp|Q5CZA5|ZN805_HUMAN,sp|Q96IR2|ZN845_HUMAN,600,968,F6,F2,1.00
164,sp|Q96NL3|ZN599_HUMAN,sp|Q96IR2|ZN845_HUMAN,523,938,F6,F2,1.00
165,sp|O43296|ZN264_HUMAN,sp|Q96IR2|ZN845_HUMAN,600,968,F6,F2,1.00
166,sp|P10073|ZSC22_HUMAN,sp|Q96IR2|ZN845_HUMAN,605,825,F95,F2,1.00
167,sp|A6NGD5|ZSA5C_HUMAN,sp|Q96IR2|ZN845_HUMAN,662,797,F66,F2,1.00
168,sp|Q9BUG6|ZSA5A_HUMAN,sp|Q96IR2|ZN845_HUMAN,662,797,F66,F2,1.00
169,sp|O95365|ZBT7A_HUMAN,sp|Q96IR2|ZN845_HUMAN,860,961,F114,F2,1.00
170,sp|Q8NE65|ZN738_HUMAN,sp|Q9NQX6|ZN331_HUMAN,3,48,F113,F3,1.00
171,sp|Q9Y2P7|ZN256_HUMAN,sp|Q9NQX6|ZN331_HUMAN,114,461,F61,F3,1.00
172,sp|A6NGD5|ZSA5C_HUMAN,sp|Q6NX49|ZN544_HUMAN,463,598,F66,F45,0.00
173,sp|A6NJL1|ZSA5B_HUMAN,sp|Q6NX49|ZN544_HUMAN,407,542,F66,F45,0.00
174,sp|Q9BUG6|ZSA5A_HUMAN,sp|Q6NX49|ZN544_HUMAN,353,486,F66,F45,0.00
175,sp|Q8N8C0|ZN781_HUMAN,sp|Q6NX49|ZN544_HUMAN,534,648,F107,F45,0.00
176,sp|Q13351|KLF1_HUMAN,sp|Q6ZNH5|ZN497_HUMAN,193,268,F118,F78,0.00
177,sp|Q7Z398|ZN550_HUMAN,sp|Q6ZNH5|ZN497_HUMAN,267,492,F92,F78,0.00
178,sp|Q9BXK1|KLF16_HUMAN,sp|Q9Y2P0|ZN835_HUMAN,137,221,F116,F70,0.00
179,sp|Q13351|KLF1_HUMAN,sp|Q9Y2P0|ZN835_HUMAN,141,216,F118,F70,0.00
180,sp|Q15072|OZF_HUMAN,sp|Q9Y2P0|ZN835_HUMAN,206,497,F88,F70,0.00
181,sp|Q8TBC5|ZSC18_HUMAN,sp|P10073|ZSC22_HUMAN,43,135,F62,F95,1.00
182,sp|Q147U1|ZN846_HUMAN,sp|P10073|ZSC22_HUMAN,233,486,F8,F95,1.00
183,sp|Q14584|ZN266_HUMAN,sp|P10073|ZSC22_HUMAN,251,486,F8,F95,1.00
184,sp|Q9GZU2|PEG3_HUMAN,sp|Q9NZV7|ZIM2_HUMAN,1,138,F50,F106,1.00
185,sp|Q96GC6|ZN274_HUMAN,sp|Q9NZV7|ZIM2_HUMAN,174,234,F104,F106,1.00
186,sp|A6NJL1|ZSA5B_HUMAN,sp|O15090|ZN536_HUMAN,128,180,F66,F49,1.00
187,sp|Q13360|ZN177_HUMAN,sp|O15090|ZN536_HUMAN,130,180,F91,F49,1.00
188,sp|P58317|ZN121_HUMAN,sp|O15090|ZN536_HUMAN,752,805,F3,F49,1.00
189,sp|A6NI73|LIRA5_HUMAN,sp|O75022|LIRB3_HUMAN,1,222,F131,F14,1.00
190,sp|Q8NHJ6|LIRB4_HUMAN,sp|O75022|LIRB3_HUMAN,224,631,F28,F14,1.00
191,sp|Q8NE65|ZN738_HUMAN,sp|Q9BR84|ZN559_HUMAN,9,51,F113,F46,1.00
192,sp|Q5CZA5|ZN805_HUMAN,sp|Q9BR84|ZN559_HUMAN,181,536,F6,F46,1.00
193,sp|Q9Y5W3|KLF2_HUMAN,sp|Q9BR84|ZN559_HUMAN,302,375,F119,F46,1.00
194,sp|Q9BXK1|KLF16_HUMAN,sp|Q9BR84|ZN559_HUMAN,436,515,F116,F46,1.00
195,sp|Q8NE65|ZN738_HUMAN,sp|Q96SR6|ZN382_HUMAN,4,69,F113,F69,1.00
196,sp|Q6NX49|ZN544_HUMAN,sp|Q96SR6|ZN382_HUMAN,205,545,F45,F69,1.00
197,sp|Q8NE65|ZN738_HUMAN,sp|Q6AW86|Z324B_HUMAN,1,60,F113,F84,1.00
198,sp|Q13398|ZN211_HUMAN,sp|Q6AW86|Z324B_HUMAN,246,507,F58,F84,1.00
199,sp|Q8NE65|ZN738_HUMAN,sp|Q12901|ZN155_HUMAN,5,48,F113,F5,1.00
200,sp|Q8NB42|ZN527_HUMAN,sp|Q12901|ZN155_HUMAN,140,478,F3,F5,1.00
201,sp|A6NGD5|ZSA5C_HUMAN,sp|Q6PG37|ZN790_HUMAN,253,388,F66,F3,1.00
202,sp|Q9BUG6|ZSA5A_HUMAN,sp|Q6PG37|ZN790_HUMAN,253,388,F66,F3,1.00
203,sp|Q8TBC5|ZSC18_HUMAN,sp|Q6PG37|ZN790_HUMAN,392,450,F62,F3,1.00
204,sp|Q8NE65|ZN738_HUMAN,sp|Q6P280|ZN529_HUMAN,39,94,F113,F3,1.00
205,sp|Q96SE7|ZN347_HUMAN,sp|Q6P280|ZN529_HUMAN,151,563,F2,F3,1.00
206,sp|Q9HCG1|ZN160_HUMAN,sp|Q6P280|ZN529_HUMAN,151,562,F2,F3,1.00
207,sp|Q09FC8|ZN415_HUMAN,sp|Q6P280|ZN529_HUMAN,188,562,F2,F3,1.00
208,sp|Q8NE65|ZN738_HUMAN,sp|Q5HY98|ZN766_HUMAN,4,81,F113,F2,1.00
209,sp|Q14585|ZN345_HUMAN,sp|Q5HY98|ZN766_HUMAN,123,459,F3,F2,1.00
210,sp|Q8NE65|ZN738_HUMAN,sp|Q147U1|ZN846_HUMAN,8,63,F113,F8,1.00
211,sp|Q6NX49|ZN544_HUMAN,sp|Q147U1|ZN846_HUMAN,102,505,F45,F8,1.00
212,sp|Q13351|KLF1_HUMAN,sp|Q147U1|ZN846_HUMAN,259,332,F118,F8,1.00
213,sp|Q9Y5W3|KLF2_HUMAN,sp|Q147U1|ZN846_HUMAN,259,332,F119,F8,1.00
214,sp|Q8N8C0|ZN781_HUMAN,sp|Q147U1|ZN846_HUMAN,387,487,F107,F8,1.00
215,sp|Q8NE65|ZN738_HUMAN,sp|Q86YE8|ZN573_HUMAN,28,92,F113,F3,1.00
216,sp|Q9NYT6|ZN226_HUMAN,sp|Q86YE8|ZN573_HUMAN,127,660,F5,F3,1.00
217,sp|Q8NE65|ZN738_HUMAN,sp|Q9UC07|ZNF69_HUMAN,20,64,F113,F4,1.00
218,sp|Q96I27|ZN625_HUMAN,sp|Q9UC07|ZNF69_HUMAN,87,387,F98,F4,1.00
219,sp|Q8NE65|ZN738_HUMAN,sp|Q9GZX5|ZN350_HUMAN,8,70,F113,F24,1.00
220,sp|Q9UJW7|ZN229_HUMAN,sp|Q9GZX5|ZN350_HUMAN,161,434,F80,F24,1.00
221,sp|Q8NE65|ZN738_HUMAN,sp|O75290|Z780A_HUMAN,4,78,F113,F3,1.00
222,sp|P17019|ZN708_HUMAN,sp|O75290|Z780A_HUMAN,163,588,F1,F3,1.00
223,sp|P10073|ZSC22_HUMAN,sp|O75290|Z780A_HUMAN,270,495,F95,F3,1.00
224,sp|Q8N8C0|ZN781_HUMAN,sp|O75290|Z780A_HUMAN,515,628,F107,F3,1.00
225,sp|Q8NE65|ZN738_HUMAN,sp|Q494X3|ZN404_HUMAN,5,50,F113,F3,1.00
226,sp|Q96SE7|ZN347_HUMAN,sp|Q494X3|ZN404_HUMAN,112,547,F2,F3,1.00
227,sp|Q9HCG1|ZN160_HUMAN,sp|Q494X3|ZN404_HUMAN,111,549,F2,F3,1.00
228,sp|Q6ZNA1|ZN836_HUMAN,sp|Q494X3|ZN404_HUMAN,112,549,F2,F3,1.00
229,sp|P51522|ZNF83_HUMAN,sp|Q494X3|ZN404_HUMAN,122,549,F2,F3,1.00
230,sp|P0CJ79|ZN888_HUMAN,sp|Q494X3|ZN404_HUMAN,112,549,F2,F3,1.00
231,sp|P17038|ZNF43_HUMAN,sp|Q494X3|ZN404_HUMAN,112,549,F2,F3,1.00
232,sp|Q6ZN19|ZN841_HUMAN,sp|Q494X3|ZN404_HUMAN,108,548,F2,F3,1.00
233,sp|Q09FC8|ZN415_HUMAN,sp|Q494X3|ZN404_HUMAN,158,496,F2,F3,1.00
234,sp|Q6ZR52|ZN493_HUMAN,sp|Q494X3|ZN404_HUMAN,118,549,F2,F3,1.00
235,sp|Q96I27|ZN625_HUMAN,sp|Q9H7R0|ZN442_HUMAN,99,376,F98,F4,1.00
236,sp|P10073|ZSC22_HUMAN,sp|Q9H7R0|ZN442_HUMAN,399,622,F95,F4,1.00
237,sp|Q8NE65|ZN738_HUMAN,sp|Q96ND8|ZN583_HUMAN,3,78,F113,F3,1.00
238,sp|Q9UJW7|ZN229_HUMAN,sp|Q96ND8|ZN583_HUMAN,146,521,F80,F3,1.00
239,sp|Q9H707|ZN552_HUMAN,sp|Q13398|ZN211_HUMAN,22,419,F103,F58,0.00
240,sp|E7ETH6|Z587B_HUMAN,sp|Q13398|ZN211_HUMAN,21,389,F103,F58,0.00
241,sp|A6NJL1|ZSA5B_HUMAN,sp|Q13398|ZN211_HUMAN,396,531,F66,F58,0.00
242,sp|Q9BSK1|ZN577_HUMAN,sp|Q76KX8|ZN534_HUMAN,256,504,F97,F2,0.00
243,sp|Q8N8C0|ZN781_HUMAN,sp|Q76KX8|ZN534_HUMAN,267,380,F107,F2,0.00
244,sp|P10073|ZSC22_HUMAN,sp|Q76KX8|ZN534_HUMAN,276,501,F95,F2,0.00
245,sp|Q8N988|ZN557_HUMAN,sp|Q76KX8|ZN534_HUMAN,274,557,F54,F2,0.00
246,sp|Q96NG5|ZN558_HUMAN,sp|Q76KX8|ZN534_HUMAN,305,557,F54,F2,0.00
247,sp|Q9Y5W3|KLF2_HUMAN,sp|Q76KX8|ZN534_HUMAN,540,613,F119,F2,0.00
248,sp|Q9BXK1|KLF16_HUMAN,sp|Q9HCX3|ZN304_HUMAN,339,415,F116,F59,1.00
249,sp|Q13351|KLF1_HUMAN,sp|Q9HCX3|ZN304_HUMAN,340,413,F118,F59,1.00
250,sp|Q9Y5W3|KLF2_HUMAN,sp|Q9HCX3|ZN304_HUMAN,340,413,F119,F59,1.00
251,sp|Q8N8C0|ZN781_HUMAN,sp|Q9HCX3|ZN304_HUMAN,457,575,F107,F59,1.00
252,sp|Q8NE65|ZN738_HUMAN,sp|Q6PDB4|ZN880_HUMAN,2,78,F113,F2,1.00
253,sp|Q05481|ZNF91_HUMAN,sp|Q6PDB4|ZN880_HUMAN,112,577,F7,F2,1.00
254,sp|Q8NE65|ZN738_HUMAN,sp|Q8TAF7|ZN461_HUMAN,6,69,F113,F3,1.00
255,sp|Q9UJW8|ZN180_HUMAN,sp|Q8TAF7|ZN461_HUMAN,176,548,F72,F3,1.00
256,sp|Q8NE65|ZN738_HUMAN,sp|Q9Y2Q1|ZN257_HUMAN,2,75,F113,F1,1.00
257,sp|Q96IR2|ZN845_HUMAN,sp|Q9Y2Q1|ZN257_HUMAN,136,561,F2,F1,1.00
258,sp|P51522|ZNF83_HUMAN,sp|Q9Y2Q1|ZN257_HUMAN,174,563,F2,F1,1.00
259,sp|A8MXY4|ZNF99_HUMAN,sp|Q9Y2Q1|ZN257_HUMAN,1,561,F2,F1,1.00
260,sp|P17038|ZNF43_HUMAN,sp|Q9Y2Q1|ZN257_HUMAN,1,561,F2,F1,1.00
261,sp|Q6ZN19|ZN841_HUMAN,sp|Q9Y2Q1|ZN257_HUMAN,137,561,F2,F1,1.00
262,sp|Q6ZNG1|ZN600_HUMAN,sp|Q9Y2Q1|ZN257_HUMAN,142,561,F2,F1,1.00
263,sp|Q6ZR52|ZN493_HUMAN,sp|Q9Y2Q1|ZN257_HUMAN,120,561,F2,F1,1.00
264,sp|P10073|ZSC22_HUMAN,sp|Q9Y2Q1|ZN257_HUMAN,167,394,F95,F1,1.00
265,sp|Q8N8C0|ZN781_HUMAN,sp|Q9Y2Q1|ZN257_HUMAN,418,531,F107,F1,1.00
266,sp|Q8NE65|ZN738_HUMAN,sp|Q96N58|ZN578_HUMAN,21,71,F113,F2,1.00
267,sp|Q8WXB4|ZN606_HUMAN,sp|Q96N58|ZN578_HUMAN,159,575,F71,F2,1.00
268,sp|Q8NE65|ZN738_HUMAN,sp|Q6ECI4|ZN470_HUMAN,21,85,F113,F3,1.00
269,sp|Q9UJW7|ZN229_HUMAN,sp|Q6ECI4|ZN470_HUMAN,191,703,F80,F3,1.00
270,sp|Q8NE65|ZN738_HUMAN,sp|O95780|ZN682_HUMAN,4,75,F113,F1,0.00
271,sp|Q8TAQ5|ZN420_HUMAN,sp|O95780|ZN682_HUMAN,3,497,F3,F1,0.00
272,sp|Q9NQZ8|ZNF71_HUMAN,sp|O95780|ZN682_HUMAN,143,497,F3,F1,0.00
273,sp|Q8NE65|ZN738_HUMAN,sp|O75437|ZN254_HUMAN,2,84,F113,F1,1.00
274,sp|Q96IR2|ZN845_HUMAN,sp|O75437|ZN254_HUMAN,152,655,F2,F1,1.00
275,sp|Q9H7R5|ZN665_HUMAN,sp|O75437|ZN254_HUMAN,7,652,F2,F1,1.00
276,sp|P51522|ZNF83_HUMAN,sp|O75437|ZN254_HUMAN,222,652,F2,F1,1.00
277,sp|A8MXY4|ZNF99_HUMAN,sp|O75437|ZN254_HUMAN,10,655,F2,F1,1.00
278,sp|P17038|ZNF43_HUMAN,sp|O75437|ZN254_HUMAN,10,655,F2,F1,1.00
279,sp|Q6ZN19|ZN841_HUMAN,sp|O75437|ZN254_HUMAN,132,657,F2,F1,1.00
280,sp|Q09FC8|ZN415_HUMAN,sp|O75437|ZN254_HUMAN,229,631,F2,F1,1.00
281,sp|Q6ZNG1|ZN600_HUMAN,sp|O75437|ZN254_HUMAN,152,652,F2,F1,1.00
282,sp|Q6ZR52|ZN493_HUMAN,sp|O75437|ZN254_HUMAN,129,652,F2,F1,1.00
283,sp|Q8NE65|ZN738_HUMAN,sp|Q6ZNA1|ZN836_HUMAN,5,49,F113,F2,1.00
284,sp|Q05481|ZNF91_HUMAN,sp|Q6ZNA1|ZN836_HUMAN,135,915,F7,F2,1.00
285,sp|Q9BSK1|ZN577_HUMAN,sp|Q6ZNA1|ZN836_HUMAN,247,495,F97,F2,1.00
286,sp|Q8N8C0|ZN781_HUMAN,sp|Q6ZNA1|ZN836_HUMAN,401,511,F107,F2,1.00
287,sp|Q6ZNH5|ZN497_HUMAN,sp|Q6ZNA1|ZN836_HUMAN,527,916,F78,F2,1.00
288,sp|Q8NE65|ZN738_HUMAN,sp|Q96NI8|ZN570_HUMAN,14,77,F113,F3,1.00
289,sp|Q86UD4|ZN329_HUMAN,sp|Q96NI8|ZN570_HUMAN,134,526,F73,F3,1.00
290,sp|Q8NE65|ZN738_HUMAN,sp|Q9Y2G7|ZFP30_HUMAN,6,70,F113,F3,1.00
291,sp|O43345|ZN208_HUMAN,sp|Q9Y2G7|ZFP30_HUMAN,138,518,F7,F3,1.00
292,sp|A8MQ14|ZN850_HUMAN,sp|Q9Y2G7|ZFP30_HUMAN,5,517,F7,F3,1.00
293,sp|Q8NE65|ZN738_HUMAN,sp|Q8WV37|ZN480_HUMAN,24,95,F113,F2,1.00
294,sp|Q8WXB4|ZN606_HUMAN,sp|Q8WV37|ZN480_HUMAN,152,535,F71,F2,1.00
295,sp|Q8NE65|ZN738_HUMAN,sp|Q03923|ZNF85_HUMAN,2,75,F113,F1,1.00
296,sp|Q96IR2|ZN845_HUMAN,sp|Q03923|ZNF85_HUMAN,141,592,F2,F1,1.00
297,sp|Q9H7R5|ZN665_HUMAN,sp|Q03923|ZNF85_HUMAN,1,592,F2,F1,1.00
298,sp|Q6PDB4|ZN880_HUMAN,sp|Q03923|ZNF85_HUMAN,2,567,F2,F1,1.00
299,sp|Q9HCG1|ZN160_HUMAN,sp|Q03923|ZNF85_HUMAN,4,592,F2,F1,1.00
300,sp|Q6ZNA1|ZN836_HUMAN,sp|Q03923|ZNF85_HUMAN,2,592,F2,F1,1.00
301,sp|P51522|ZNF83_HUMAN,sp|Q03923|ZNF85_HUMAN,174,592,F2,F1,1.00
302,sp|A8MXY4|ZNF99_HUMAN,sp|Q03923|ZNF85_HUMAN,1,592,F2,F1,1.00
303,sp|Q8N4W9|ZN808_HUMAN,sp|Q03923|ZNF85_HUMAN,139,592,F2,F1,1.00
304,sp|P17038|ZNF43_HUMAN,sp|Q03923|ZNF85_HUMAN,1,592,F2,F1,1.00
305,sp|P17035|ZNF28_HUMAN,sp|Q03923|ZNF85_HUMAN,138,592,F2,F1,1.00
306,sp|Q6ZN19|ZN841_HUMAN,sp|Q03923|ZNF85_HUMAN,84,591,F2,F1,1.00
307,sp|Q09FC8|ZN415_HUMAN,sp|Q03923|ZNF85_HUMAN,172,567,F2,F1,1.00
308,sp|Q6ZNG1|ZN600_HUMAN,sp|Q03923|ZNF85_HUMAN,168,593,F2,F1,1.00
309,sp|Q6ZR52|ZN493_HUMAN,sp|Q03923|ZNF85_HUMAN,121,592,F2,F1,1.00
310,sp|Q8NE65|ZN738_HUMAN,sp|Q8TF32|ZN431_HUMAN,1,106,F113,F1,1.00
311,sp|Q9H7R5|ZN665_HUMAN,sp|Q8TF32|ZN431_HUMAN,35,555,F2,F1,1.00
312,sp|Q9HCG1|ZN160_HUMAN,sp|Q8TF32|ZN431_HUMAN,171,555,F2,F1,1.00
313,sp|Q86XN6|ZN761_HUMAN,sp|Q8TF32|ZN431_HUMAN,176,555,F2,F1,1.00
314,sp|P51522|ZNF83_HUMAN,sp|Q8TF32|ZN431_HUMAN,164,557,F2,F1,1.00
315,sp|A8MXY4|ZNF99_HUMAN,sp|Q8TF32|ZN431_HUMAN,34,557,F2,F1,1.00
316,sp|P0CJ79|ZN888_HUMAN,sp|Q8TF32|ZN431_HUMAN,171,565,F2,F1,1.00
317,sp|Q8N4W9|ZN808_HUMAN,sp|Q8TF32|ZN431_HUMAN,160,555,F2,F1,1.00
318,sp|P17038|ZNF43_HUMAN,sp|Q8TF32|ZN431_HUMAN,35,555,F2,F1,1.00
319,sp|P17035|ZNF28_HUMAN,sp|Q8TF32|ZN431_HUMAN,171,565,F2,F1,1.00
320,sp|Q6ZN19|ZN841_HUMAN,sp|Q8TF32|ZN431_HUMAN,168,557,F2,F1,1.00
321,sp|Q0VGE8|ZN816_HUMAN,sp|Q8TF32|ZN431_HUMAN,168,569,F2,F1,1.00
322,sp|Q09FC8|ZN415_HUMAN,sp|Q8TF32|ZN431_HUMAN,202,540,F2,F1,1.00
323,sp|Q8N823|ZN611_HUMAN,sp|Q8TF32|ZN431_HUMAN,160,556,F2,F1,1.00
324,sp|Q6ZNG1|ZN600_HUMAN,sp|Q8TF32|ZN431_HUMAN,171,555,F2,F1,1.00
325,sp|Q6ZR52|ZN493_HUMAN,sp|Q8TF32|ZN431_HUMAN,151,555,F2,F1,1.00
326,sp|Q8NE65|ZN738_HUMAN,sp|Q8N4W9|ZN808_HUMAN,21,71,F113,F2,1.00
327,sp|A8MQ14|ZN850_HUMAN,sp|Q8N4W9|ZN808_HUMAN,182,897,F7,F2,1.00
328,sp|Q05481|ZNF91_HUMAN,sp|Q8N4W9|ZN808_HUMAN,216,897,F7,F2,1.00
329,sp|A6NN14|ZN729_HUMAN,sp|Q8N4W9|ZN808_HUMAN,214,897,F7,F2,1.00
330,sp|Q8N988|ZN557_HUMAN,sp|Q8N4W9|ZN808_HUMAN,253,533,F54,F2,1.00
331,sp|Q9P255|ZN492_HUMAN,sp|Q8N4W9|ZN808_HUMAN,211,649,F1,F2,1.00
332,sp|Q03923|ZNF85_HUMAN,sp|Q8N4W9|ZN808_HUMAN,189,649,F1,F2,1.00
333,sp|P0DPD5|ZN723_HUMAN,sp|Q8N4W9|ZN808_HUMAN,229,593,F1,F2,1.00
334,sp|A6NK75|ZNF98_HUMAN,sp|Q8N4W9|ZN808_HUMAN,211,649,F1,F2,1.00
335,sp|Q6ZN08|ZNF66_HUMAN,sp|Q8N4W9|ZN808_HUMAN,256,682,F1,F2,1.00
336,sp|Q8TD23|ZN675_HUMAN,sp|Q8N4W9|ZN808_HUMAN,251,677,F1,F2,1.00
337,sp|A6NNF4|ZN726_HUMAN,sp|Q8N4W9|ZN808_HUMAN,229,850,F1,F2,1.00
338,sp|P35789|ZNF93_HUMAN,sp|Q8N4W9|ZN808_HUMAN,397,874,F1,F2,1.00
339,sp|Q8TF32|ZN431_HUMAN,sp|Q8N4W9|ZN808_HUMAN,209,610,F1,F2,1.00
340,sp|O75346|ZN253_HUMAN,sp|Q8N4W9|ZN808_HUMAN,282,623,F1,F2,1.00
341,sp|Q9H8G1|ZN430_HUMAN,sp|Q8N4W9|ZN808_HUMAN,435,834,F1,F2,1.00
342,sp|Q86V71|ZN429_HUMAN,sp|Q8N4W9|ZN808_HUMAN,257,766,F1,F2,1.00
343,sp|Q68DY1|ZN626_HUMAN,sp|Q8N4W9|ZN808_HUMAN,278,616,F1,F2,1.00
344,sp|Q6ZMV8|ZN730_HUMAN,sp|Q8N4W9|ZN808_HUMAN,270,646,F1,F2,1.00
345,sp|Q8IYN0|ZN100_HUMAN,sp|Q8N4W9|ZN808_HUMAN,210,610,F1,F2,1.00
346,sp|Q8N7Q3|ZN676_HUMAN,sp|Q8N4W9|ZN808_HUMAN,305,846,F1,F2,1.00
347,sp|Q03938|ZNF90_HUMAN,sp|Q8N4W9|ZN808_HUMAN,310,770,F1,F2,1.00
348,sp|P17019|ZN708_HUMAN,sp|Q8N4W9|ZN808_HUMAN,338,765,F1,F2,1.00
349,sp|Q96H40|ZN486_HUMAN,sp|Q8N4W9|ZN808_HUMAN,282,594,F1,F2,1.00
350,sp|Q8N8C0|ZN781_HUMAN,sp|Q8N4W9|ZN808_HUMAN,281,388,F107,F2,1.00
351,sp|Q96NL3|ZN599_HUMAN,sp|Q8N4W9|ZN808_HUMAN,286,673,F6,F2,1.00
352,sp|Q7Z398|ZN550_HUMAN,sp|Q8N4W9|ZN808_HUMAN,308,534,F92,F2,1.00
353,sp|Q15072|OZF_HUMAN,sp|Q8N4W9|ZN808_HUMAN,580,870,F88,F2,1.00
354,sp|Q9BSK1|ZN577_HUMAN,sp|Q8N4W9|ZN808_HUMAN,656,897,F97,F2,1.00
355,sp|Q8NE65|ZN738_HUMAN,sp|A6NNF4|ZN726_HUMAN,2,75,F113,F1,1.00
356,sp|Q86UD4|ZN329_HUMAN,sp|A6NNF4|ZN726_HUMAN,142,564,F73,F1,1.00
357,sp|Q8NE65|ZN738_HUMAN,sp|Q5VIY5|ZN468_HUMAN,5,49,F113,F2,1.00
358,sp|Q86UD4|ZN329_HUMAN,sp|Q5VIY5|ZN468_HUMAN,161,522,F73,F2,1.00
359,sp|Q8NE65|ZN738_HUMAN,sp|Q6ZMV8|ZN730_HUMAN,2,75,F113,F1,1.00
360,sp|Q96IR2|ZN845_HUMAN,sp|Q6ZMV8|ZN730_HUMAN,143,503,F2,F1,1.00
361,sp|Q9HCG1|ZN160_HUMAN,sp|Q6ZMV8|ZN730_HUMAN,132,503,F2,F1,1.00
362,sp|Q76KX8|ZN534_HUMAN,sp|Q6ZMV8|ZN730_HUMAN,152,503,F2,F1,1.00
363,sp|Q6ZN06|ZN813_HUMAN,sp|Q6ZMV8|ZN730_HUMAN,143,503,F2,F1,1.00
364,sp|P51522|ZNF83_HUMAN,sp|Q6ZMV8|ZN730_HUMAN,85,503,F2,F1,1.00
365,sp|A8MXY4|ZNF99_HUMAN,sp|Q6ZMV8|ZN730_HUMAN,1,503,F2,F1,1.00
366,sp|P0CJ79|ZN888_HUMAN,sp|Q6ZMV8|ZN730_HUMAN,133,503,F2,F1,1.00
367,sp|Q8N4W9|ZN808_HUMAN,sp|Q6ZMV8|ZN730_HUMAN,126,503,F2,F1,1.00
368,sp|P17038|ZNF43_HUMAN,sp|Q6ZMV8|ZN730_HUMAN,1,496,F2,F1,1.00
369,sp|P17035|ZNF28_HUMAN,sp|Q6ZMV8|ZN730_HUMAN,142,503,F2,F1,1.00
370,sp|Q5VIY5|ZN468_HUMAN,sp|Q6ZMV8|ZN730_HUMAN,186,503,F2,F1,1.00
371,sp|Q96N58|ZN578_HUMAN,sp|Q6ZMV8|ZN730_HUMAN,143,488,F2,F1,1.00
372,sp|Q6ZN19|ZN841_HUMAN,sp|Q6ZMV8|ZN730_HUMAN,134,503,F2,F1,1.00
373,sp|Q0VGE8|ZN816_HUMAN,sp|Q6ZMV8|ZN730_HUMAN,137,503,F2,F1,1.00
374,sp|Q09FC8|ZN415_HUMAN,sp|Q6ZMV8|ZN730_HUMAN,170,503,F2,F1,1.00
375,sp|Q8N823|ZN611_HUMAN,sp|Q6ZMV8|ZN730_HUMAN,133,503,F2,F1,1.00
376,sp|Q6ZNG1|ZN600_HUMAN,sp|Q6ZMV8|ZN730_HUMAN,143,502,F2,F1,1.00
377,sp|Q6ZR52|ZN493_HUMAN,sp|Q6ZMV8|ZN730_HUMAN,120,503,F2,F1,1.00
378,sp|Q8NE65|ZN738_HUMAN,sp|Q9H7R5|ZN665_HUMAN,5,49,F113,F2,1.00
379,sp|O43345|ZN208_HUMAN,sp|Q9H7R5|ZN665_HUMAN,142,678,F7,F2,1.00
380,sp|A8MQ14|ZN850_HUMAN,sp|Q9H7R5|ZN665_HUMAN,5,678,F7,F2,1.00
381,sp|Q05481|ZNF91_HUMAN,sp|Q9H7R5|ZN665_HUMAN,173,678,F7,F2,1.00
382,sp|A6NN14|ZN729_HUMAN,sp|Q9H7R5|ZN665_HUMAN,2,678,F7,F2,1.00
383,sp|Q9BUG6|ZSA5A_HUMAN,sp|Q9H7R5|ZN665_HUMAN,205,340,F66,F2,1.00
384,sp|P10073|ZSC22_HUMAN,sp|Q9H7R5|ZN665_HUMAN,340,564,F95,F2,1.00
385,sp|Q8NE65|ZN738_HUMAN,sp|Q9UJU3|ZN112_HUMAN,8,62,F113,F5,1.00
386,sp|Q8WXB4|ZN606_HUMAN,sp|Q9UJU3|ZN112_HUMAN,351,888,F71,F5,1.00
387,sp|Q8N8C0|ZN781_HUMAN,sp|Q9UJU3|ZN112_HUMAN,511,624,F107,F5,1.00
388,sp|Q9NW07|ZN358_HUMAN,sp|Q9UJU3|ZN112_HUMAN,634,883,F96,F5,1.00
389,sp|Q8NE65|ZN738_HUMAN,sp|Q96NG5|ZN558_HUMAN,40,115,F113,F54,1.00
390,sp|Q8N184|ZN567_HUMAN,sp|Q96NG5|ZN558_HUMAN,129,398,F69,F54,1.00
391,sp|Q8NE65|ZN738_HUMAN,sp|Q8N7Q3|ZN676_HUMAN,1,43,F113,F1,1.00
392,sp|Q96IR2|ZN845_HUMAN,sp|Q8N7Q3|ZN676_HUMAN,108,588,F2,F1,1.00
393,sp|A2RRD8|ZN320_HUMAN,sp|Q8N7Q3|ZN676_HUMAN,180,587,F2,F1,1.00
394,sp|Q9H7R5|ZN665_HUMAN,sp|Q8N7Q3|ZN676_HUMAN,98,588,F2,F1,1.00
395,sp|Q96SE7|ZN347_HUMAN,sp|Q8N7Q3|ZN676_HUMAN,99,588,F2,F1,1.00
396,sp|Q8WV37|ZN480_HUMAN,sp|Q8N7Q3|ZN676_HUMAN,234,585,F2,F1,1.00
397,sp|Q9HCG1|ZN160_HUMAN,sp|Q8N7Q3|ZN676_HUMAN,98,588,F2,F1,1.00
398,sp|Q6ZN06|ZN813_HUMAN,sp|Q8N7Q3|ZN676_HUMAN,154,588,F2,F1,1.00
399,sp|Q6ZNA1|ZN836_HUMAN,sp|Q8N7Q3|ZN676_HUMAN,105,588,F2,F1,1.00
400,sp|Q86XN6|ZN761_HUMAN,sp|Q8N7Q3|ZN676_HUMAN,97,588,F2,F1,1.00
401,sp|P51522|ZNF83_HUMAN,sp|Q8N7Q3|ZN676_HUMAN,156,586,F2,F1,1.00
402,sp|A8MXY4|ZNF99_HUMAN,sp|Q8N7Q3|ZN676_HUMAN,1,588,F2,F1,1.00
403,sp|Q08AN1|ZN616_HUMAN,sp|Q8N7Q3|ZN676_HUMAN,105,586,F2,F1,1.00
404,sp|P0CJ79|ZN888_HUMAN,sp|Q8N7Q3|ZN676_HUMAN,97,588,F2,F1,1.00
405,sp|Q8N4W9|ZN808_HUMAN,sp|Q8N7Q3|ZN676_HUMAN,76,588,F2,F1,1.00
406,sp|P17038|ZNF43_HUMAN,sp|Q8N7Q3|ZN676_HUMAN,1,588,F2,F1,1.00
407,sp|P17035|ZNF28_HUMAN,sp|Q8N7Q3|ZN676_HUMAN,95,588,F2,F1,1.00
408,sp|Q5VIY5|ZN468_HUMAN,sp|Q8N7Q3|ZN676_HUMAN,154,503,F2,F1,1.00
409,sp|Q96N58|ZN578_HUMAN,sp|Q8N7Q3|ZN676_HUMAN,127,569,F2,F1,1.00
410,sp|Q6ZN19|ZN841_HUMAN,sp|Q8N7Q3|ZN676_HUMAN,105,588,F2,F1,1.00
411,sp|Q09FC8|ZN415_HUMAN,sp|Q8N7Q3|ZN676_HUMAN,125,562,F2,F1,1.00
412,sp|Q8N823|ZN611_HUMAN,sp|Q8N7Q3|ZN676_HUMAN,97,588,F2,F1,1.00
413,sp|Q6ZNG1|ZN600_HUMAN,sp|Q8N7Q3|ZN676_HUMAN,97,586,F2,F1,1.00
414,sp|Q6ZR52|ZN493_HUMAN,sp|Q8N7Q3|ZN676_HUMAN,88,588,F2,F1,1.00
415,sp|Q8N9Z0|ZN610_HUMAN,sp|Q8N7Q3|ZN676_HUMAN,337,587,F2,F1,1.00
416,sp|Q96I27|ZN625_HUMAN,sp|Q8N7Q3|ZN676_HUMAN,182,448,F98,F1,1.00
417,sp|Q9BS31|ZN649_HUMAN,sp|Q8N7Q3|ZN676_HUMAN,201,504,F24,F1,1.00
418,sp|Q86TJ5|ZN554_HUMAN,sp|Q8N7Q3|ZN676_HUMAN,205,486,F85,F1,1.00
419,sp|P10073|ZSC22_HUMAN,sp|Q8N7Q3|ZN676_HUMAN,241,471,F95,F1,1.00
420,sp|Q8N988|ZN557_HUMAN,sp|Q8N7Q3|ZN676_HUMAN,219,499,F54,F1,1.00
421,sp|Q96NG5|ZN558_HUMAN,sp|Q8N7Q3|ZN676_HUMAN,294,555,F54,F1,1.00
422,sp|Q8N8C0|ZN781_HUMAN,sp|Q8N7Q3|ZN676_HUMAN,268,380,F107,F1,1.00
423,sp|Q13351|KLF1_HUMAN,sp|Q8N7Q3|ZN676_HUMAN,510,583,F118,F1,1.00
424,sp|Q8IVP9|ZN547_HUMAN,sp|Q6ZN19|ZN841_HUMAN,134,421,F58,F2,0.00
425,sp|Q96HQ0|ZN419_HUMAN,sp|Q6ZN19|ZN841_HUMAN,137,506,F60,F2,0.00
426,sp|Q6PK81|ZN773_HUMAN,sp|Q6ZN19|ZN841_HUMAN,137,450,F60,F2,0.00
427,sp|Q96NG5|ZN558_HUMAN,sp|Q6ZN19|ZN841_HUMAN,209,475,F54,F2,0.00
428,sp|Q7Z398|ZN550_HUMAN,sp|Q6ZN19|ZN841_HUMAN,223,448,F92,F2,0.00
429,sp|Q8N8C0|ZN781_HUMAN,sp|Q6ZN19|ZN841_HUMAN,297,406,F107,F2,0.00
430,sp|A6NGD5|ZSA5C_HUMAN,sp|Q6ZN19|ZN841_HUMAN,424,559,F66,F2,0.00
431,sp|A6NJL1|ZSA5B_HUMAN,sp|Q6ZN19|ZN841_HUMAN,284,419,F66,F2,0.00
432,sp|Q9BUG6|ZSA5A_HUMAN,sp|Q6ZN19|ZN841_HUMAN,312,447,F66,F2,0.00
433,sp|Q15072|OZF_HUMAN,sp|Q6ZN19|ZN841_HUMAN,472,756,F88,F2,0.00
434,sp|Q96GC6|ZN274_HUMAN,sp|P17019|ZN708_HUMAN,109,266,F104,F1,0.00
435,sp|Q13351|KLF1_HUMAN,sp|P17019|ZN708_HUMAN,249,318,F118,F1,0.00
436,sp|Q8NE65|ZN738_HUMAN,sp|Q8NC26|ZN114_HUMAN,6,50,F113,F108,1.00
437,sp|Q9GZX5|ZN350_HUMAN,sp|Q8NC26|ZN114_HUMAN,299,417,F24,F108,1.00
438,sp|Q9BXK1|KLF16_HUMAN,sp|Q5EBL2|ZN628_HUMAN,149,226,F116,F102,1.00
439,sp|Q86TJ5|ZN554_HUMAN,sp|Q5EBL2|ZN628_HUMAN,449,641,F85,F102,1.00
440,sp|Q8NBB4|ZSCA1_HUMAN,sp|Q8TBC5|ZSC18_HUMAN,1,133,F117,F62,1.00
441,sp|P10073|ZSC22_HUMAN,sp|Q8TBC5|ZSC18_HUMAN,43,135,F95,F62,1.00
442,sp|Q8N0Y2|ZN444_HUMAN,sp|Q8TBC5|ZSC18_HUMAN,51,127,F112,F62,1.00
443,sp|Q6PDB4|ZN880_HUMAN,sp|Q8TBC5|ZSC18_HUMAN,411,469,F2,F62,1.00
444,sp|Q96N58|ZN578_HUMAN,sp|Q8TBC5|ZSC18_HUMAN,411,469,F2,F62,1.00
445,sp|Q8NE65|ZN738_HUMAN,sp|Q9UK11|ZN223_HUMAN,5,48,F113,F5,1.00
446,sp|A8MQ14|ZN850_HUMAN,sp|Q9UK11|ZN223_HUMAN,141,471,F7,F5,1.00
447,sp|A6NI73|LIRA5_HUMAN,sp|Q8N423|LIRB2_HUMAN,1,226,F131,F14,0.00
448,sp|Q8NHJ6|LIRB4_HUMAN,sp|Q8N423|LIRB2_HUMAN,224,598,F28,F14,0.00
449,sp|Q9NZV7|ZIM2_HUMAN,sp|Q96GC6|ZN274_HUMAN,12,72,F106,F104,1.00
450,sp|Q8NBB4|ZSCA1_HUMAN,sp|Q96GC6|ZN274_HUMAN,143,248,F117,F104,1.00
451,sp|Q6NX49|ZN544_HUMAN,sp|Q96GC6|ZN274_HUMAN,458,645,F45,F104,1.00
452,sp|Q8NE65|ZN738_HUMAN,sp|A6NK53|ZN233_HUMAN,8,63,F113,F5,1.00
453,sp|Q8WV37|ZN480_HUMAN,sp|A6NK53|ZN233_HUMAN,323,661,F2,F5,1.00
454,sp|Q6ZN19|ZN841_HUMAN,sp|A6NK53|ZN233_HUMAN,277,661,F2,F5,1.00
455,sp|Q5HY98|ZN766_HUMAN,sp|A6NK53|ZN233_HUMAN,399,661,F2,F5,1.00
456,sp|Q96I27|ZN625_HUMAN,sp|Q96GE5|ZN799_HUMAN,67,363,F98,F4,1.00
457,sp|P10073|ZSC22_HUMAN,sp|Q96GE5|ZN799_HUMAN,387,610,F95,F4,1.00
458,sp|Q8NE65|ZN738_HUMAN,sp|Q6PK81|ZN773_HUMAN,11,74,F113,F60,0.00
459,sp|Q3KQV3|ZN792_HUMAN,sp|Q6PK81|ZN773_HUMAN,109,440,F58,F60,0.00
460,sp|Q8NEK5|ZN548_HUMAN,sp|Q6PK81|ZN773_HUMAN,12,440,F58,F60,0.00
461,sp|Q8N8C0|ZN781_HUMAN,sp|P52741|ZN134_HUMAN,170,276,F107,F79,0.00
462,sp|Q96GC6|ZN274_HUMAN,sp|P52741|ZN134_HUMAN,263,422,F104,F79,0.00
463,sp|Q8NE65|ZN738_HUMAN,sp|O94892|ZN432_HUMAN,8,81,F113,F23,1.00
464,sp|Q7Z340|ZN551_HUMAN,sp|O94892|ZN432_HUMAN,175,624,F59,F23,1.00
465,sp|B7Z6K7|ZN814_HUMAN,sp|O94892|ZN432_HUMAN,184,652,F59,F23,1.00
466,sp|A6NGD5|ZSA5C_HUMAN,sp|O94892|ZN432_HUMAN,288,423,F66,F23,1.00
467,sp|Q8N8C0|ZN781_HUMAN,sp|O94892|ZN432_HUMAN,447,551,F107,F23,1.00
468,sp|Q8NE65|ZN738_HUMAN,sp|Q3MIS6|ZN528_HUMAN,5,80,F113,F2,1.00
469,sp|A8MTY0|ZN724_HUMAN,sp|Q3MIS6|ZN528_HUMAN,6,628,F1,F2,1.00
470,sp|P17019|ZN708_HUMAN,sp|Q3MIS6|ZN528_HUMAN,182,607,F1,F2,1.00
471,sp|Q8NE65|ZN738_HUMAN,sp|Q0D2J5|ZN763_HUMAN,3,44,F113,F4,1.00
472,sp|Q96I27|ZN625_HUMAN,sp|Q0D2J5|ZN763_HUMAN,71,367,F98,F4,1.00
473,sp|Q8NE65|ZN738_HUMAN,sp|Q96NL3|ZN599_HUMAN,9,72,F113,F6,1.00
474,sp|P17019|ZN708_HUMAN,sp|Q96NL3|ZN599_HUMAN,172,587,F1,F6,1.00
475,sp|Q8NE65|ZN738_HUMAN,sp|Q02386|ZNF45_HUMAN,5,69,F113,F5,1.00
476,sp|B7Z6K7|ZN814_HUMAN,sp|Q02386|ZNF45_HUMAN,145,662,F59,F5,1.00
477,sp|P10073|ZSC22_HUMAN,sp|Q02386|ZNF45_HUMAN,297,522,F95,F5,1.00
478,sp|A6NJL1|ZSA5B_HUMAN,sp|Q02386|ZNF45_HUMAN,527,662,F66,F5,1.00
479,sp|Q96I27|ZN625_HUMAN,sp|Q8N8L2|ZN491_HUMAN,1,326,F98,F4,0.00
480,sp|Q8N8C0|ZN781_HUMAN,sp|Q8N8L2|ZN491_HUMAN,310,420,F107,F4,0.00
481,sp|Q8NE65|ZN738_HUMAN,sp|Q08AN1|ZN616_HUMAN,4,48,F113,F2,1.00
482,sp|O43345|ZN208_HUMAN,sp|Q08AN1|ZN616_HUMAN,143,770,F7,F2,1.00
483,sp|Q9Y5W3|KLF2_HUMAN,sp|Q08AN1|ZN616_HUMAN,274,347,F119,F2,1.00
484,sp|Q15072|OZF_HUMAN,sp|Q08AN1|ZN616_HUMAN,372,656,F88,F2,1.00
485,sp|Q8N8C0|ZN781_HUMAN,sp|P17017|ZNF14_HUMAN,184,294,F107,F4,1.00
486,sp|Q15072|OZF_HUMAN,sp|P17017|ZNF14_HUMAN,298,582,F88,F4,1.00
487,sp|Q8NE65|ZN738_HUMAN,sp|Q96NG8|ZN582_HUMAN,4,69,F113,F3,1.00
488,sp|Q9BR84|ZN559_HUMAN,sp|Q96NG8|ZN582_HUMAN,147,464,F46,F3,1.00
489,sp|Q8NE65|ZN738_HUMAN,sp|Q8N988|ZN557_HUMAN,33,108,F113,F54,1.00
490,sp|P17021|ZNF17_HUMAN,sp|Q8N988|ZN557_HUMAN,133,419,F59,F54,1.00
491,sp|Q9HCX3|ZN304_HUMAN,sp|Q8N988|ZN557_HUMAN,132,420,F59,F54,1.00
492,sp|Q7Z340|ZN551_HUMAN,sp|Q8N988|ZN557_HUMAN,129,420,F59,F54,1.00
493,sp|B7Z6K7|ZN814_HUMAN,sp|Q8N988|ZN557_HUMAN,139,419,F59,F54,1.00
494,sp|Q8N8C0|ZN781_HUMAN,sp|Q8WXB4|ZN606_HUMAN,415,528,F107,F71,1.00
495,sp|P10073|ZSC22_HUMAN,sp|Q8WXB4|ZN606_HUMAN,534,758,F95,F71,1.00
496,sp|Q8NE65|ZN738_HUMAN,sp|Q86XN6|ZN761_HUMAN,3,49,F113,F2,1.00
497,sp|O43345|ZN208_HUMAN,sp|Q86XN6|ZN761_HUMAN,5,744,F7,F2,1.00
498,sp|Q05481|ZNF91_HUMAN,sp|Q86XN6|ZN761_HUMAN,125,744,F7,F2,1.00
499,sp|Q7Z398|ZN550_HUMAN,sp|Q86XN6|ZN761_HUMAN,291,517,F92,F2,1.00
500,sp|Q8N8C0|ZN781_HUMAN,sp|Q86XN6|ZN761_HUMAN,313,425,F107,F2,1.00
501,sp|Q15072|OZF_HUMAN,sp|Q86XN6|ZN761_HUMAN,457,741,F88,F2,1.00
502,sp|P10073|ZSC22_HUMAN,sp|Q86XN6|ZN761_HUMAN,516,740,F95,F2,1.00
503,sp|Q8NE65|ZN738_HUMAN,sp|P0DKX0|ZN728_HUMAN,2,75,F113,F1,1.00
504,sp|A2RRD8|ZN320_HUMAN,sp|P0DKX0|ZN728_HUMAN,218,574,F2,F1,1.00
505,sp|Q9H7R5|ZN665_HUMAN,sp|P0DKX0|ZN728_HUMAN,1,618,F2,F1,1.00
506,sp|Q86XN6|ZN761_HUMAN,sp|P0DKX0|ZN728_HUMAN,129,618,F2,F1,1.00
507,sp|P51522|ZNF83_HUMAN,sp|P0DKX0|ZN728_HUMAN,201,619,F2,F1,1.00
508,sp|A8MXY4|ZNF99_HUMAN,sp|P0DKX0|ZN728_HUMAN,1,618,F2,F1,1.00
509,sp|P0CJ79|ZN888_HUMAN,sp|P0DKX0|ZN728_HUMAN,129,621,F2,F1,1.00
510,sp|P17038|ZNF43_HUMAN,sp|P0DKX0|ZN728_HUMAN,1,615,F2,F1,1.00
511,sp|P17035|ZNF28_HUMAN,sp|P0DKX0|ZN728_HUMAN,127,618,F2,F1,1.00
512,sp|Q5VIY5|ZN468_HUMAN,sp|P0DKX0|ZN728_HUMAN,262,590,F2,F1,1.00
513,sp|Q09FC8|ZN415_HUMAN,sp|P0DKX0|ZN728_HUMAN,171,565,F2,F1,1.00
514,sp|Q6ZNG1|ZN600_HUMAN,sp|P0DKX0|ZN728_HUMAN,129,618,F2,F1,1.00
515,sp|Q6ZR52|ZN493_HUMAN,sp|P0DKX0|ZN728_HUMAN,120,615,F2,F1,1.00
516,sp|Q8NE65|ZN738_HUMAN,sp|Q8NHY6|ZFP28_HUMAN,93,175,F113,F3,1.00
517,sp|Q86UD4|ZN329_HUMAN,sp|Q8NHY6|ZFP28_HUMAN,366,786,F73,F3,1.00
518,sp|Q96I27|ZN625_HUMAN,sp|Q3KP31|ZN791_HUMAN,68,355,F98,F4,0.00
519,sp|Q15072|OZF_HUMAN,sp|Q3KP31|ZN791_HUMAN,151,435,F88,F4,0.00
520,sp|A6NJL1|ZSA5B_HUMAN,sp|Q3KP31|ZN791_HUMAN,243,378,F66,F4,0.00
521,sp|Q8N8C0|ZN781_HUMAN,sp|Q3KP31|ZN791_HUMAN,432,534,F107,F4,0.00
522,sp|Q8NE65|ZN738_HUMAN,sp|P35789|ZNF93_HUMAN,2,74,F113,F1,1.00
523,sp|Q8WXB4|ZN606_HUMAN,sp|P35789|ZNF93_HUMAN,117,619,F71,F1,1.00
524,sp|Q8NE65|ZN738_HUMAN,sp|A8MTY0|ZN724_HUMAN,2,75,F113,F1,1.00
525,sp|Q96IR2|ZN845_HUMAN,sp|A8MTY0|ZN724_HUMAN,140,619,F2,F1,1.00
526,sp|Q3MIS6|ZN528_HUMAN,sp|A8MTY0|ZN724_HUMAN,2,613,F2,F1,1.00
527,sp|Q9H7R5|ZN665_HUMAN,sp|A8MTY0|ZN724_HUMAN,2,619,F2,F1,1.00
528,sp|Q8WV37|ZN480_HUMAN,sp|A8MTY0|ZN724_HUMAN,2,530,F2,F1,1.00
529,sp|Q9HCG1|ZN160_HUMAN,sp|A8MTY0|ZN724_HUMAN,4,619,F2,F1,1.00
530,sp|Q6ZN06|ZN813_HUMAN,sp|A8MTY0|ZN724_HUMAN,2,600,F2,F1,1.00
531,sp|P51522|ZNF83_HUMAN,sp|A8MTY0|ZN724_HUMAN,181,618,F2,F1,1.00
532,sp|A8MXY4|ZNF99_HUMAN,sp|A8MTY0|ZN724_HUMAN,1,619,F2,F1,1.00
533,sp|P17038|ZNF43_HUMAN,sp|A8MTY0|ZN724_HUMAN,1,619,F2,F1,1.00
534,sp|P17035|ZNF28_HUMAN,sp|A8MTY0|ZN724_HUMAN,137,616,F2,F1,1.00
535,sp|Q6ZN19|ZN841_HUMAN,sp|A8MTY0|ZN724_HUMAN,126,619,F2,F1,1.00
536,sp|Q09FC8|ZN415_HUMAN,sp|A8MTY0|ZN724_HUMAN,174,591,F2,F1,1.00
537,sp|Q8N823|ZN611_HUMAN,sp|A8MTY0|ZN724_HUMAN,141,616,F2,F1,1.00
538,sp|Q6ZNG1|ZN600_HUMAN,sp|A8MTY0|ZN724_HUMAN,140,618,F2,F1,1.00
539,sp|Q6ZR52|ZN493_HUMAN,sp|A8MTY0|ZN724_HUMAN,120,619,F2,F1,1.00
540,sp|Q8NE65|ZN738_HUMAN,sp|Q8N9K5|ZN565_HUMAN,43,105,F113,F3,1.00
541,sp|P52740|ZN132_HUMAN,sp|Q8N9K5|ZN565_HUMAN,181,538,F59,F3,1.00
542,sp|Q9HCX3|ZN304_HUMAN,sp|Q8N9K5|ZN565_HUMAN,196,539,F59,F3,1.00
543,sp|Q8TF45|ZN418_HUMAN,sp|Q8N9K5|ZN565_HUMAN,171,539,F59,F3,1.00
544,sp|Q7Z340|ZN551_HUMAN,sp|Q8N9K5|ZN565_HUMAN,187,538,F59,F3,1.00
545,sp|B7Z6K7|ZN814_HUMAN,sp|Q8N9K5|ZN565_HUMAN,195,537,F59,F3,1.00
546,sp|Q8NE65|ZN738_HUMAN,sp|A6NK75|ZNF98_HUMAN,8,84,F113,F1,0.00
547,sp|Q9HCL3|ZFP14_HUMAN,sp|A6NK75|ZNF98_HUMAN,11,542,F3,F1,0.00
548,sp|P52742|ZN135_HUMAN,sp|A6NK75|ZNF98_HUMAN,147,570,F3,F1,0.00
549,sp|Q8N9K5|ZN565_HUMAN,sp|A6NK75|ZNF98_HUMAN,5,514,F3,F1,0.00
550,sp|Q8NA42|ZN383_HUMAN,sp|A6NK75|ZNF98_HUMAN,11,485,F3,F1,0.00
551,sp|Q8TAQ5|ZN420_HUMAN,sp|A6NK75|ZNF98_HUMAN,12,572,F3,F1,0.00
552,sp|Q14585|ZN345_HUMAN,sp|A6NK75|ZNF98_HUMAN,149,572,F3,F1,0.00
553,sp|Q9NQZ8|ZNF71_HUMAN,sp|A6NK75|ZNF98_HUMAN,179,541,F3,F1,0.00
554,sp|Q3ZCT1|ZN260_HUMAN,sp|A6NK75|ZNF98_HUMAN,167,541,F3,F1,0.00
555,sp|Q8N8C0|ZN781_HUMAN,sp|A6NK75|ZNF98_HUMAN,197,310,F107,F1,0.00
556,sp|Q9NW07|ZN358_HUMAN,sp|A6NK75|ZNF98_HUMAN,292,542,F96,F1,0.00
557,sp|Q8NE65|ZN738_HUMAN,sp|Q9H8G1|ZN430_HUMAN,1,107,F113,F1,1.00
558,sp|Q6NX49|ZN544_HUMAN,sp|Q9H8G1|ZN430_HUMAN,150,557,F45,F1,1.00
559,sp|Q8NE65|ZN738_HUMAN,sp|Q68DY1|ZN626_HUMAN,2,74,F113,F1,1.00
560,sp|Q5CZA5|ZN805_HUMAN,sp|Q68DY1|ZN626_HUMAN,119,528,F6,F1,1.00
561,sp|A6NGD5|ZSA5C_HUMAN,sp|Q86WZ6|ZN227_HUMAN,491,626,F66,F5,0.00
562,sp|A6NJL1|ZSA5B_HUMAN,sp|Q86WZ6|ZN227_HUMAN,491,626,F66,F5,0.00
563,sp|Q9BUG6|ZSA5A_HUMAN,sp|Q86WZ6|ZN227_HUMAN,491,626,F66,F5,0.00
564,sp|Q8N8C0|ZN781_HUMAN,sp|Q86WZ6|ZN227_HUMAN,622,731,F107,F5,0.00
565,sp|Q13351|KLF1_HUMAN,sp|Q9UJW8|ZN180_HUMAN,358,431,F118,F72,1.00
566,sp|Q9Y5W3|KLF2_HUMAN,sp|Q9UJW8|ZN180_HUMAN,358,431,F119,F72,1.00
567,sp|A6NGD5|ZSA5C_HUMAN,sp|Q9UJW8|ZN180_HUMAN,436,571,F66,F72,1.00
568,sp|A6NJL1|ZSA5B_HUMAN,sp|Q9UJW8|ZN180_HUMAN,492,627,F66,F72,1.00
569,sp|Q9BUG6|ZSA5A_HUMAN,sp|Q9UJW8|ZN180_HUMAN,436,571,F66,F72,1.00
570,sp|Q8NE65|ZN738_HUMAN,sp|Q96SE7|ZN347_HUMAN,5,80,F113,F2,1.00
571,sp|Q8TF45|ZN418_HUMAN,sp|Q96SE7|ZN347_HUMAN,240,738,F59,F2,1.00
572,sp|Q96JL9|ZN333_HUMAN,sp|Q96SE7|ZN347_HUMAN,286,621,F57,F2,1.00
573,sp|Q9BSK1|ZN577_HUMAN,sp|Q96SE7|ZN347_HUMAN,290,535,F97,F2,1.00
574,sp|Q96I27|ZN625_HUMAN,sp|Q96SE7|ZN347_HUMAN,322,568,F98,F2,1.00
575,sp|Q8N988|ZN557_HUMAN,sp|Q96SE7|ZN347_HUMAN,327,619,F54,F2,1.00
576,sp|Q96NG5|ZN558_HUMAN,sp|Q96SE7|ZN347_HUMAN,330,619,F54,F2,1.00
577,sp|Q8N8C0|ZN781_HUMAN,sp|Q96SE7|ZN347_HUMAN,391,501,F107,F2,1.00
578,sp|P10073|ZSC22_HUMAN,sp|Q96SE7|ZN347_HUMAN,507,731,F95,F2,1.00
579,sp|A6NJL1|ZSA5B_HUMAN,sp|Q96SE7|ZN347_HUMAN,652,787,F66,F2,1.00
580,sp|Q9BUG6|ZSA5A_HUMAN,sp|Q96SE7|ZN347_HUMAN,652,787,F66,F2,1.00
581,sp|Q8NE65|ZN738_HUMAN,sp|P17035|ZNF28_HUMAN,5,49,F113,F2,1.00
582,sp|Q05481|ZNF91_HUMAN,sp|P17035|ZNF28_HUMAN,166,718,F7,F2,1.00
583,sp|A6NN14|ZN729_HUMAN,sp|P17035|ZNF28_HUMAN,166,718,F7,F2,1.00
584,sp|A6NGD5|ZSA5C_HUMAN,sp|P17035|ZNF28_HUMAN,326,461,F66,F2,1.00
585,sp|Q9BUG6|ZSA5A_HUMAN,sp|P17035|ZNF28_HUMAN,326,461,F66,F2,1.00
586,sp|Q7Z398|ZN550_HUMAN,sp|P17035|ZNF28_HUMAN,343,574,F92,F2,1.00
587,sp|Q9BSK1|ZN577_HUMAN,sp|P17035|ZNF28_HUMAN,472,713,F97,F2,1.00
588,sp|Q96GC6|ZN274_HUMAN,sp|P17035|ZNF28_HUMAN,556,714,F104,F2,1.00
589,sp|Q8NE65|ZN738_HUMAN,sp|Q9HCG1|ZN160_HUMAN,8,81,F113,F2,1.00
590,sp|Q8NEK5|ZN548_HUMAN,sp|Q9HCG1|ZN160_HUMAN,245,593,F58,F2,1.00
591,sp|Q8N8C0|ZN781_HUMAN,sp|Q9HCG1|ZN160_HUMAN,356,469,F107,F2,1.00
592,sp|Q96I27|ZN625_HUMAN,sp|Q9HCG1|ZN160_HUMAN,458,732,F98,F2,1.00
593,sp|Q8NE65|ZN738_HUMAN,sp|Q8TAQ5|ZN420_HUMAN,6,47,F113,F3,1.00
594,sp|Q14590|ZN235_HUMAN,sp|Q8TAQ5|ZN420_HUMAN,112,639,F5,F3,1.00
595,sp|Q9NYT6|ZN226_HUMAN,sp|Q8TAQ5|ZN420_HUMAN,115,685,F5,F3,1.00
596,sp|Q6ZNH5|ZN497_HUMAN,sp|Q8TAQ5|ZN420_HUMAN,140,527,F78,F3,1.00
597,sp|O95365|ZBT7A_HUMAN,sp|Q8TAQ5|ZN420_HUMAN,140,243,F114,F3,1.00
598,sp|Q13351|KLF1_HUMAN,sp|Q8TAQ5|ZN420_HUMAN,200,273,F118,F3,1.00
599,sp|Q9Y5W3|KLF2_HUMAN,sp|Q8TAQ5|ZN420_HUMAN,200,273,F119,F3,1.00
600,sp|A6NGD5|ZSA5C_HUMAN,sp|Q8TAQ5|ZN420_HUMAN,222,357,F66,F3,1.00
601,sp|Q86UD4|ZN329_HUMAN,sp|Q8TAQ5|ZN420_HUMAN,238,672,F73,F3,1.00
602,sp|Q9Y2P0|ZN835_HUMAN,sp|Q8TAQ5|ZN420_HUMAN,276,666,F70,F3,1.00
603,sp|Q15072|OZF_HUMAN,sp|Q8TAQ5|ZN420_HUMAN,376,665,F88,F3,1.00
604,sp|Q8N8C0|ZN781_HUMAN,sp|Q8TAQ5|ZN420_HUMAN,546,659,F107,F3,1.00
605,sp|Q8N8C0|ZN781_HUMAN,sp|P51522|ZNF83_HUMAN,107,220,F107,F2,1.00
606,sp|A6NJL1|ZSA5B_HUMAN,sp|P51522|ZNF83_HUMAN,232,367,F66,F2,1.00
607,sp|Q9BUG6|ZSA5A_HUMAN,sp|P51522|ZNF83_HUMAN,232,368,F66,F2,1.00
608,sp|Q8NE65|ZN738_HUMAN,sp|Q6V9R5|ZN562_HUMAN,41,77,F113,F94,1.00
609,sp|Q8N8C0|ZN781_HUMAN,sp|Q6V9R5|ZN562_HUMAN,310,413,F107,F94,1.00
610,sp|Q8NE65|ZN738_HUMAN,sp|Q68EA5|ZNF57_HUMAN,4,40,F113,F4,1.00
611,sp|Q3KNS6|ZN829_HUMAN,sp|Q68EA5|ZNF57_HUMAN,204,500,F3,F4,1.00
612,sp|Q8NE65|ZN738_HUMAN,sp|Q9BUY5|ZN426_HUMAN,42,96,F113,F8,1.00
613,sp|P58317|ZN121_HUMAN,sp|Q9BUY5|ZN426_HUMAN,140,554,F3,F8,1.00
614,sp|Q8NE65|ZN738_HUMAN,sp|Q2VY69|ZN284_HUMAN,5,55,F113,F5,1.00
615,sp|Q9UJW7|ZN229_HUMAN,sp|Q2VY69|ZN284_HUMAN,142,578,F80,F5,1.00
616,sp|Q8NE65|ZN738_HUMAN,sp|Q96SK3|ZN607_HUMAN,4,70,F113,F3,1.00
617,sp|O43345|ZN208_HUMAN,sp|Q96SK3|ZN607_HUMAN,93,696,F7,F3,1.00
618,sp|A8MQ14|ZN850_HUMAN,sp|Q96SK3|ZN607_HUMAN,4,696,F7,F3,1.00
619,sp|Q05481|ZNF91_HUMAN,sp|Q96SK3|ZN607_HUMAN,93,696,F7,F3,1.00
620,sp|Q8NE65|ZN738_HUMAN,sp|Q8NB42|ZN527_HUMAN,11,77,F113,F3,1.00
621,sp|Q86UD4|ZN329_HUMAN,sp|Q8NB42|ZN527_HUMAN,194,604,F73,F3,1.00
622,sp|Q8N8C0|ZN781_HUMAN,sp|Q8NB42|ZN527_HUMAN,314,424,F107,F3,1.00
623,sp|Q9Y5W3|KLF2_HUMAN,sp|Q8NB42|ZN527_HUMAN,447,520,F119,F3,1.00
624,sp|Q8NE65|ZN738_HUMAN,sp|Q8NEP9|ZN555_HUMAN,4,40,F113,F4,1.00
625,sp|Q96SE7|ZN347_HUMAN,sp|Q8NEP9|ZN555_HUMAN,118,594,F2,F4,1.00
626,sp|Q9HCG1|ZN160_HUMAN,sp|Q8NEP9|ZN555_HUMAN,119,595,F2,F4,1.00
627,sp|Q86XN6|ZN761_HUMAN,sp|Q8NEP9|ZN555_HUMAN,118,595,F2,F4,1.00
628,sp|Q8NE65|ZN738_HUMAN,sp|Q96HQ0|ZN419_HUMAN,23,86,F113,F60,1.00
629,sp|P52741|ZN134_HUMAN,sp|Q96HQ0|ZN419_HUMAN,120,451,F79,F60,1.00
630,sp|Q8NE65|ZN738_HUMAN,sp|Q9UK10|ZN225_HUMAN,5,48,F113,F5,1.00
631,sp|Q9HCG1|ZN160_HUMAN,sp|Q9UK10|ZN225_HUMAN,134,701,F2,F5,1.00
632,sp|Q6ZN19|ZN841_HUMAN,sp|Q9UK10|ZN225_HUMAN,140,692,F2,F5,1.00
633,sp|Q6ZNG1|ZN600_HUMAN,sp|Q9UK10|ZN225_HUMAN,159,689,F2,F5,1.00
634,sp|Q8NE65|ZN738_HUMAN,sp|Q8N883|ZN614_HUMAN,8,67,F113,F23,1.00
635,sp|Q9Y473|ZN175_HUMAN,sp|Q8N883|ZN614_HUMAN,171,564,F77,F23,1.00
636,sp|Q8N8C0|ZN781_HUMAN,sp|Q8N883|ZN614_HUMAN,274,387,F107,F23,1.00
637,sp|Q9BUG6|ZSA5A_HUMAN,sp|Q8N883|ZN614_HUMAN,399,533,F66,F23,1.00
638,sp|Q8NE65|ZN738_HUMAN,sp|Q9BWM5|ZN416_HUMAN,23,61,F113,F59,1.00
639,sp|Q13106|ZN154_HUMAN,sp|Q9BWM5|ZN416_HUMAN,121,545,F60,F59,1.00
640,sp|Q8NE65|ZN738_HUMAN,sp|Q8NDP4|ZN439_HUMAN,18,59,F113,F4,0.50
641,sp|Q96I27|ZN625_HUMAN,sp|Q8NDP4|ZN439_HUMAN,84,381,F98,F4,0.50
642,sp|Q8N8C0|ZN781_HUMAN,sp|Q8NDP4|ZN439_HUMAN,365,481,F107,F4,0.50
643,sp|Q8NE65|ZN738_HUMAN,sp|Q3KQV3|ZN792_HUMAN,11,73,F113,F58,1.00
644,sp|Q6PK81|ZN773_HUMAN,sp|Q3KQV3|ZN792_HUMAN,172,503,F60,F58,1.00
645,sp|Q13106|ZN154_HUMAN,sp|Q3KQV3|ZN792_HUMAN,188,556,F60,F58,1.00
646,sp|Q9NXT0|ZN586_HUMAN,sp|Q3KQV3|ZN792_HUMAN,269,585,F60,F58,1.00
647,sp|Q96I27|ZN625_HUMAN,sp|Q8N7K0|ZN433_HUMAN,69,397,F98,F4,1.00
648,sp|Q15072|OZF_HUMAN,sp|Q8N7K0|ZN433_HUMAN,213,501,F88,F4,1.00
649,sp|Q8N8C0|ZN781_HUMAN,sp|Q8N7K0|ZN433_HUMAN,517,638,F107,F4,1.00
650,sp|Q8NE65|ZN738_HUMAN,sp|Q86XU0|ZN677_HUMAN,3,55,F113,F2,1.00
651,sp|Q86UD4|ZN329_HUMAN,sp|Q86XU0|ZN677_HUMAN,187,572,F73,F2,1.00
652,sp|Q8NE65|ZN738_HUMAN,sp|O75467|Z324A_HUMAN,1,60,F113,F84,1.00
653,sp|Q86UD4|ZN329_HUMAN,sp|O75467|Z324A_HUMAN,224,506,F73,F84,1.00
654,sp|Q8NE65|ZN738_HUMAN,sp|Q32M78|ZN699_HUMAN,19,82,F113,F4,1.00
655,sp|Q96I27|ZN625_HUMAN,sp|Q32M78|ZN699_HUMAN,160,471,F98,F4,1.00
656,sp|P10073|ZSC22_HUMAN,sp|Q32M78|ZN699_HUMAN,253,474,F95,F4,1.00
657,sp|Q8N8C0|ZN781_HUMAN,sp|Q32M78|ZN699_HUMAN,273,398,F107,F4,1.00
658,sp|A6NGD5|ZSA5C_HUMAN,sp|Q32M78|ZN699_HUMAN,502,637,F66,F4,1.00
659,sp|A6NJL1|ZSA5B_HUMAN,sp|Q32M78|ZN699_HUMAN,502,637,F66,F4,1.00
660,sp|Q9BUG6|ZSA5A_HUMAN,sp|Q32M78|ZN699_HUMAN,502,637,F66,F4,1.00
661,sp|Q8NE65|ZN738_HUMAN,sp|Q7L2R6|ZN765_HUMAN,5,49,F113,F2,1.00
662,sp|Q05481|ZNF91_HUMAN,sp|Q7L2R6|ZN765_HUMAN,141,520,F7,F2,1.00
663,sp|Q8NE65|ZN738_HUMAN,sp|Q8N9Z0|ZN610_HUMAN,21,82,F113,F2,1.00
664,sp|P52741|ZN134_HUMAN,sp|Q8N9Z0|ZN610_HUMAN,192,452,F79,F2,1.00
665,sp|Q8NE65|ZN738_HUMAN,sp|Q8N184|ZN567_HUMAN,3,65,F113,F69,1.00
666,sp|Q9UJW7|ZN229_HUMAN,sp|Q8N184|ZN567_HUMAN,188,643,F80,F69,1.00
667,sp|Q8N8C0|ZN781_HUMAN,sp|Q8N184|ZN567_HUMAN,271,380,F107,F69,1.00
668,sp|A6NGD5|ZSA5C_HUMAN,sp|Q8N184|ZN567_HUMAN,420,555,F66,F69,1.00
669,sp|A6NJL1|ZSA5B_HUMAN,sp|Q8N184|ZN567_HUMAN,308,445,F66,F69,1.00
670,sp|Q8NE65|ZN738_HUMAN,sp|Q9BX82|ZN471_HUMAN,14,83,F113,F3,1.00
671,sp|Q9UJW7|ZN229_HUMAN,sp|Q9BX82|ZN471_HUMAN,149,626,F80,F3,1.00
672,sp|Q8NE65|ZN738_HUMAN,sp|Q8N141|ZFP82_HUMAN,6,76,F113,F3,1.00
673,sp|O43345|ZN208_HUMAN,sp|Q8N141|ZFP82_HUMAN,150,528,F7,F3,1.00
674,sp|A8MQ14|ZN850_HUMAN,sp|Q8N141|ZFP82_HUMAN,6,529,F7,F3,1.00
675,sp|Q8NE65|ZN738_HUMAN,sp|Q9NV72|ZN701_HUMAN,71,113,F113,F2,1.00
676,sp|Q9P255|ZN492_HUMAN,sp|Q9NV72|ZN701_HUMAN,185,530,F1,F2,1.00
677,sp|P17019|ZN708_HUMAN,sp|Q9NV72|ZN701_HUMAN,187,530,F1,F2,1.00
678,sp|Q8NE65|ZN738_HUMAN,sp|Q03938|ZNF90_HUMAN,2,75,F113,F1,1.00
679,sp|P51522|ZNF83_HUMAN,sp|Q03938|ZNF90_HUMAN,167,592,F2,F1,1.00
680,sp|A8MXY4|ZNF99_HUMAN,sp|Q03938|ZNF90_HUMAN,1,593,F2,F1,1.00
681,sp|Q8N4W9|ZN808_HUMAN,sp|Q03938|ZNF90_HUMAN,140,600,F2,F1,1.00
682,sp|P17038|ZNF43_HUMAN,sp|Q03938|ZNF90_HUMAN,1,593,F2,F1,1.00
683,sp|Q6ZN19|ZN841_HUMAN,sp|Q03938|ZNF90_HUMAN,123,593,F2,F1,1.00
684,sp|Q09FC8|ZN415_HUMAN,sp|Q03938|ZNF90_HUMAN,171,566,F2,F1,1.00
685,sp|Q6ZNG1|ZN600_HUMAN,sp|Q03938|ZNF90_HUMAN,163,593,F2,F1,1.00
686,sp|Q6ZR52|ZN493_HUMAN,sp|Q03938|ZNF90_HUMAN,137,593,F2,F1,1.00
687,sp|Q8N8C0|ZN781_HUMAN,sp|Q03938|ZNF90_HUMAN,244,350,F107,F1,1.00
688,sp|P10073|ZSC22_HUMAN,sp|Q03938|ZNF90_HUMAN,363,588,F95,F1,1.00
689,sp|Q8NE65|ZN738_HUMAN,sp|P17039|ZNF30_HUMAN,12,72,F113,F3,1.00
690,sp|O43345|ZN208_HUMAN,sp|P17039|ZNF30_HUMAN,96,623,F7,F3,1.00
691,sp|A8MQ14|ZN850_HUMAN,sp|P17039|ZNF30_HUMAN,8,623,F7,F3,1.00
692,sp|Q05481|ZNF91_HUMAN,sp|P17039|ZNF30_HUMAN,111,623,F7,F3,1.00
693,sp|Q8NE65|ZN738_HUMAN,sp|Q86V71|ZN429_HUMAN,2,75,F113,F1,1.00
694,sp|Q9H7R5|ZN665_HUMAN,sp|Q86V71|ZN429_HUMAN,2,643,F2,F1,1.00
695,sp|Q96SE7|ZN347_HUMAN,sp|Q86V71|ZN429_HUMAN,140,643,F2,F1,1.00
696,sp|Q9HCG1|ZN160_HUMAN,sp|Q86V71|ZN429_HUMAN,130,643,F2,F1,1.00
697,sp|P51522|ZNF83_HUMAN,sp|Q86V71|ZN429_HUMAN,193,653,F2,F1,1.00
698,sp|A8MXY4|ZNF99_HUMAN,sp|Q86V71|ZN429_HUMAN,1,643,F2,F1,1.00
699,sp|Q8N4W9|ZN808_HUMAN,sp|Q86V71|ZN429_HUMAN,143,653,F2,F1,1.00
700,sp|P17038|ZNF43_HUMAN,sp|Q86V71|ZN429_HUMAN,1,643,F2,F1,1.00
701,sp|Q6ZN19|ZN841_HUMAN,sp|Q86V71|ZN429_HUMAN,93,653,F2,F1,1.00
702,sp|Q09FC8|ZN415_HUMAN,sp|Q86V71|ZN429_HUMAN,171,566,F2,F1,1.00
703,sp|Q6ZNG1|ZN600_HUMAN,sp|Q86V71|ZN429_HUMAN,142,653,F2,F1,1.00
704,sp|Q6ZR52|ZN493_HUMAN,sp|Q86V71|ZN429_HUMAN,120,645,F2,F1,1.00
705,sp|Q8NE65|ZN738_HUMAN,sp|Q7Z3V5|ZN571_HUMAN,6,50,F113,F3,1.00
706,sp|A8MQ14|ZN850_HUMAN,sp|Q7Z3V5|ZN571_HUMAN,5,609,F7,F3,1.00
707,sp|Q05481|ZNF91_HUMAN,sp|Q7Z3V5|ZN571_HUMAN,121,609,F7,F3,1.00
708,sp|Q8NE65|ZN738_HUMAN,sp|A8MXY4|ZNF99_HUMAN,2,75,F113,F2,1.00
709,sp|Q8N972|ZN709_HUMAN,sp|A8MXY4|ZNF99_HUMAN,263,814,F4,F2,1.00
710,sp|Q3KP31|ZN791_HUMAN,sp|A8MXY4|ZNF99_HUMAN,251,756,F4,F2,1.00
711,sp|P17017|ZNF14_HUMAN,sp|A8MXY4|ZNF99_HUMAN,290,840,F4,F2,1.00
712,sp|Q8TBZ8|ZN564_HUMAN,sp|A8MXY4|ZNF99_HUMAN,230,677,F4,F2,1.00
713,sp|Q8NE65|ZN738_HUMAN,sp|Q5JVG8|ZN506_HUMAN,2,75,F113,F1,1.00
714,sp|Q96IR2|ZN845_HUMAN,sp|Q5JVG8|ZN506_HUMAN,140,424,F2,F1,1.00
715,sp|P51522|ZNF83_HUMAN,sp|Q5JVG8|ZN506_HUMAN,137,424,F2,F1,1.00
716,sp|A8MXY4|ZNF99_HUMAN,sp|Q5JVG8|ZN506_HUMAN,1,425,F2,F1,1.00
717,sp|P17038|ZNF43_HUMAN,sp|Q5JVG8|ZN506_HUMAN,1,424,F2,F1,1.00
718,sp|Q5VIY5|ZN468_HUMAN,sp|Q5JVG8|ZN506_HUMAN,168,424,F2,F1,1.00
719,sp|Q6ZN19|ZN841_HUMAN,sp|Q5JVG8|ZN506_HUMAN,137,424,F2,F1,1.00
720,sp|Q0VGE8|ZN816_HUMAN,sp|Q5JVG8|ZN506_HUMAN,140,424,F2,F1,1.00
721,sp|Q09FC8|ZN415_HUMAN,sp|Q5JVG8|ZN506_HUMAN,137,424,F2,F1,1.00
722,sp|Q8N823|ZN611_HUMAN,sp|Q5JVG8|ZN506_HUMAN,140,424,F2,F1,1.00
723,sp|Q6ZNG1|ZN600_HUMAN,sp|Q5JVG8|ZN506_HUMAN,136,424,F2,F1,1.00
724,sp|Q6ZR52|ZN493_HUMAN,sp|Q5JVG8|ZN506_HUMAN,140,424,F2,F1,1.00
725,sp|Q8NE65|ZN738_HUMAN,sp|P52742|ZN135_HUMAN,14,73,F113,F3,1.00
726,sp|Q9UJW7|ZN229_HUMAN,sp|P52742|ZN135_HUMAN,166,658,F80,F3,1.00
727,sp|Q8TBC5|ZSC18_HUMAN,sp|P52742|ZN135_HUMAN,212,270,F62,F3,1.00
728,sp|Q96I27|ZN625_HUMAN,sp|P52742|ZN135_HUMAN,255,525,F98,F3,1.00
729,sp|Q8NE65|ZN738_HUMAN,sp|A2RRD8|ZN320_HUMAN,3,49,F113,F2,1.00
730,sp|Q9BX82|ZN471_HUMAN,sp|A2RRD8|ZN320_HUMAN,147,494,F3,F2,1.00
731,sp|Q8TAQ5|ZN420_HUMAN,sp|A2RRD8|ZN320_HUMAN,3,504,F3,F2,1.00
732,sp|Q3ZCX4|ZN568_HUMAN,sp|A2RRD8|ZN320_HUMAN,125,507,F3,F2,1.00
733,sp|Q14585|ZN345_HUMAN,sp|A2RRD8|ZN320_HUMAN,92,499,F3,F2,1.00
734,sp|Q9NQZ8|ZNF71_HUMAN,sp|A2RRD8|ZN320_HUMAN,120,464,F3,F2,1.00
735,sp|Q8N8C0|ZN781_HUMAN,sp|A2RRD8|ZN320_HUMAN,171,289,F107,F2,1.00
736,sp|A6NGD5|ZSA5C_HUMAN,sp|A2RRD8|ZN320_HUMAN,328,463,F66,F2,1.00
737,sp|Q9BUG6|ZSA5A_HUMAN,sp|A2RRD8|ZN320_HUMAN,272,407,F66,F2,1.00
738,sp|Q8NE65|ZN738_HUMAN,sp|Q969W8|ZN566_HUMAN,6,69,F113,F3,1.00
739,sp|Q86UD4|ZN329_HUMAN,sp|Q969W8|ZN566_HUMAN,151,417,F73,F3,1.00
740,sp|Q8NE65|ZN738_HUMAN,sp|P17038|ZNF43_HUMAN,2,76,F113,F2,1.00
741,sp|Q86UD4|ZN329_HUMAN,sp|P17038|ZNF43_HUMAN,210,649,F73,F2,1.00
742,sp|Q8NE65|ZN738_HUMAN,sp|O75373|ZN737_HUMAN,2,74,F113,F1,0.00
743,sp|Q8N9K5|ZN565_HUMAN,sp|O75373|ZN737_HUMAN,2,505,F3,F1,0.00
744,sp|Q8NA42|ZN383_HUMAN,sp|O75373|ZN737_HUMAN,2,476,F3,F1,0.00
745,sp|Q8TAQ5|ZN420_HUMAN,sp|O75373|ZN737_HUMAN,4,535,F3,F1,0.00
746,sp|Q14585|ZN345_HUMAN,sp|O75373|ZN737_HUMAN,140,536,F3,F1,0.00
747,sp|Q9NQZ8|ZNF71_HUMAN,sp|O75373|ZN737_HUMAN,170,532,F3,F1,0.00
748,sp|Q3ZCT1|ZN260_HUMAN,sp|O75373|ZN737_HUMAN,158,532,F3,F1,0.00
749,sp|P10073|ZSC22_HUMAN,sp|O75373|ZN737_HUMAN,167,391,F95,F1,0.00
750,sp|Q15072|OZF_HUMAN,sp|O75373|ZN737_HUMAN,190,476,F88,F1,0.00
751,sp|Q96SL8|FIZ1_HUMAN,sp|O75373|ZN737_HUMAN,452,535,F109,F1,0.00
752,sp|Q13351|KLF1_HUMAN,sp|O75373|ZN737_HUMAN,458,531,F118,F1,0.00
753,sp|Q8NE65|ZN738_HUMAN,sp|O75346|ZN253_HUMAN,2,75,F113,F1,1.00
754,sp|Q86UD4|ZN329_HUMAN,sp|O75346|ZN253_HUMAN,118,479,F73,F1,1.00
755,sp|Q13351|KLF1_HUMAN,sp|O75346|ZN253_HUMAN,177,250,F118,F1,1.00
756,sp|Q8N8C0|ZN781_HUMAN,sp|O75346|ZN253_HUMAN,354,499,F107,F1,1.00
757,sp|Q8NE65|ZN738_HUMAN,sp|Q8IYN0|ZN100_HUMAN,1,107,F113,F1,1.00
758,sp|Q9H7R5|ZN665_HUMAN,sp|Q8IYN0|ZN100_HUMAN,30,537,F2,F1,1.00
759,sp|P51522|ZNF83_HUMAN,sp|Q8IYN0|ZN100_HUMAN,170,530,F2,F1,1.00
760,sp|A8MXY4|ZNF99_HUMAN,sp|Q8IYN0|ZN100_HUMAN,33,528,F2,F1,1.00
761,sp|P0CJ79|ZN888_HUMAN,sp|Q8IYN0|ZN100_HUMAN,153,529,F2,F1,1.00
762,sp|Q8N4W9|ZN808_HUMAN,sp|Q8IYN0|ZN100_HUMAN,162,528,F2,F1,1.00
763,sp|P17038|ZNF43_HUMAN,sp|Q8IYN0|ZN100_HUMAN,33,528,F2,F1,1.00
764,sp|Q96N58|ZN578_HUMAN,sp|Q8IYN0|ZN100_HUMAN,162,526,F2,F1,1.00
765,sp|Q0VGE8|ZN816_HUMAN,sp|Q8IYN0|ZN100_HUMAN,172,542,F2,F1,1.00
766,sp|Q09FC8|ZN415_HUMAN,sp|Q8IYN0|ZN100_HUMAN,201,538,F2,F1,1.00
767,sp|Q8N823|ZN611_HUMAN,sp|Q8IYN0|ZN100_HUMAN,170,528,F2,F1,1.00
768,sp|Q6ZNG1|ZN600_HUMAN,sp|Q8IYN0|ZN100_HUMAN,170,528,F2,F1,1.00
769,sp|Q6ZR52|ZN493_HUMAN,sp|Q8IYN0|ZN100_HUMAN,152,528,F2,F1,1.00
770,sp|Q8NE65|ZN738_HUMAN,sp|P0CJ79|ZN888_HUMAN,5,49,F113,F2,1.00
771,sp|Q9UJW7|ZN229_HUMAN,sp|P0CJ79|ZN888_HUMAN,150,712,F80,F2,1.00
772,sp|Q7Z398|ZN550_HUMAN,sp|P0CJ79|ZN888_HUMAN,264,489,F92,F2,1.00
773,sp|Q8N8C0|ZN781_HUMAN,sp|P0CJ79|ZN888_HUMAN,394,510,F107,F2,1.00
774,sp|Q9BSK1|ZN577_HUMAN,sp|P0CJ79|ZN888_HUMAN,471,712,F97,F2,1.00
775,sp|Q9BUG6|ZSA5A_HUMAN,sp|P0CJ79|ZN888_HUMAN,521,656,F66,F2,1.00
776,sp|Q8NE65|ZN738_HUMAN,sp|P0DPD5|ZN723_HUMAN,2,75,F113,F1,1.00
777,sp|Q9UJW8|ZN180_HUMAN,sp|P0DPD5|ZN723_HUMAN,124,507,F72,F1,1.00
778,sp|Q8NE65|ZN738_HUMAN,sp|Q8NA42|ZN383_HUMAN,3,69,F113,F3,1.00
779,sp|Q86UD4|ZN329_HUMAN,sp|Q8NA42|ZN383_HUMAN,89,472,F73,F3,1.00
780,sp|Q8NE65|ZN738_HUMAN,sp|Q14590|ZN235_HUMAN,8,67,F113,F5,1.00
781,sp|Q05481|ZNF91_HUMAN,sp|Q14590|ZN235_HUMAN,228,735,F7,F5,1.00
782,sp|A6NN14|ZN729_HUMAN,sp|Q14590|ZN235_HUMAN,217,735,F7,F5,1.00
783,sp|Q8IVP9|ZN547_HUMAN,sp|Q14590|ZN235_HUMAN,339,595,F58,F5,1.00
784,sp|Q13351|KLF1_HUMAN,sp|Q14590|ZN235_HUMAN,352,425,F118,F5,1.00
785,sp|Q9Y5W3|KLF2_HUMAN,sp|Q14590|ZN235_HUMAN,352,425,F119,F5,1.00
786,sp|Q8N8C0|ZN781_HUMAN,sp|Q14590|ZN235_HUMAN,397,502,F107,F5,1.00
787,sp|Q6PF04|ZN613_HUMAN,sp|Q14590|ZN235_HUMAN,353,730,F24,F5,1.00
788,sp|Q9GZX5|ZN350_HUMAN,sp|Q14590|ZN235_HUMAN,471,734,F24,F5,1.00
789,sp|A6NGD5|ZSA5C_HUMAN,sp|Q14590|ZN235_HUMAN,542,677,F66,F5,1.00
790,sp|A6NJL1|ZSA5B_HUMAN,sp|Q14590|ZN235_HUMAN,570,705,F66,F5,1.00
791,sp|Q9BUG6|ZSA5A_HUMAN,sp|Q14590|ZN235_HUMAN,542,677,F66,F5,1.00
792,sp|Q8NAM6|ZSCA4_HUMAN,sp|Q14590|ZN235_HUMAN,593,705,F111,F5,1.00
793,sp|Q8NE65|ZN738_HUMAN,sp|Q3KNS6|ZN829_HUMAN,32,98,F113,F3,1.00
794,sp|Q8N883|ZN614_HUMAN,sp|Q3KNS6|ZN829_HUMAN,119,431,F23,F3,1.00
795,sp|Q8NE65|ZN738_HUMAN,sp|Q9P255|ZN492_HUMAN,1,43,F113,F1,1.00
796,sp|Q6NX49|ZN544_HUMAN,sp|Q9P255|ZN492_HUMAN,89,503,F45,F1,1.00
797,sp|Q8N8C0|ZN781_HUMAN,sp|Q9P255|ZN492_HUMAN,156,269,F107,F1,1.00
798,sp|Q9NW07|ZN358_HUMAN,sp|Q9P255|ZN492_HUMAN,251,501,F96,F1,1.00
